interval,residual_demand_gw,clearing_price_eur_mwh
1,21.01,15.97
2,14.45,23.97
3,28.91,39.24
4,19.84,41.13
5,29.48,49.18
6,10.64,31.99
7,17.97,21.24
8,7.68,-13.58
9,34.71,80.83
10,14.77,17.67
11,14.74,26.82
12,26.16,53.11
13,14.03,29.96
14,16.28,39.97
15,37.25,113.15
16,9.31,13.35
17,9.01,-2.31
18,30.30,55.01
19,26.48,19.38
20,17.53,58.88
21,31.76,63.40
22,23.75,16.64
23,16.68,33.66
24,22.73,48.63
25,28.61,66.21
26,38.00,126.83
27,21.48,34.33
28,28.33,71.94
29,32.13,81.28
30,26.55,42.82
31,28.87,47.41
32,14.02,46.06
33,23.37,28.45
34,39.44,115.32
35,23.47,53.20
36,25.36,51.94
37,25.92,35.36
38,26.76,26.86
39,29.10,56.58
40,14.25,27.32
41,33.81,67.47
42,17.43,13.41
43,28.71,52.44
44,25.43,55.07
45,22.17,38.18
46,24.47,60.65
47,15.28,36.63
48,21.38,27.97
49,27.03,112.01
50,33.39,101.31
51,28.77,55.62
52,28.96,41.69
53,28.63,46.99
54,13.46,22.39
55,24.06,66.97
56,17.63,35.28
57,25.59,17.06
58,16.10,26.82
59,16.18,36.24
60,11.87,38.54
61,28.66,61.02
62,22.02,38.71
63,32.27,83.13
64,30.53,80.38
65,12.46,23.31
66,31.58,54.65
67,21.57,37.78
68,25.76,57.78
69,14.74,21.00
70,13.54,5.86
71,16.60,42.03
72,32.66,117.75
73,32.46,110.66
74,14.41,32.41
75,24.59,36.33
76,26.04,57.27
77,27.25,52.01
78,18.63,20.10
79,29.63,54.18
80,33.43,88.04
81,23.68,81.65
82,37.08,127.10
83,19.42,54.32
84,30.58,63.60
85,22.01,38.23
86,12.11,29.49
87,12.60,44.89
88,25.01,56.45
89,23.91,29.90
90,23.60,49.72
91,31.44,79.32
92,29.12,47.14
93,16.63,29.11
94,27.54,53.32
95,17.66,53.60
96,11.23,-5.26
97,6.89,-23.40
98,33.47,81.89
99,19.07,48.21
100,16.80,60.15
101,23.62,39.17
102,18.81,37.28
103,31.95,82.88
104,27.26,62.68
105,21.40,31.81
106,32.34,88.46
107,13.64,17.91
108,30.68,61.81
109,14.16,21.73
110,27.41,52.27
111,29.84,68.04
112,27.85,61.73
113,12.89,3.56
114,25.40,55.51
115,20.70,40.14
116,29.69,37.68
117,12.20,25.71
118,36.05,102.31
119,33.43,78.17
120,17.31,45.41
121,11.88,18.36
122,27.53,62.98
123,25.82,34.28
124,17.14,24.05
125,10.72,36.89
126,11.76,36.24
127,14.87,8.84
128,33.07,93.95
129,26.93,51.51
130,18.20,33.26
131,9.48,15.18
132,15.74,36.22
133,26.49,58.36
134,11.74,23.69
135,30.28,75.62
136,16.95,25.23
137,16.99,42.93
138,28.57,51.87
139,23.04,52.45
140,22.27,23.79
141,12.18,43.00
142,20.95,43.80
143,16.64,27.83
144,21.08,13.37
145,22.04,52.82
146,18.55,45.73
147,26.54,41.84
148,14.44,29.72
149,27.92,61.17
150,29.16,44.62
151,18.73,36.50
152,25.24,53.32
153,29.70,79.23
154,29.17,69.18
155,11.16,10.35
156,22.55,38.53
157,23.12,41.67
158,12.12,35.89
159,34.55,73.41
160,11.47,41.22
161,17.07,33.71
162,35.55,94.90
163,10.41,3.70
164,26.69,48.82
165,15.09,9.34
166,30.30,55.64
167,6.57,-4.53
168,19.90,40.02
169,16.84,46.30
170,29.57,61.21
171,26.06,66.18
172,13.65,51.23
173,16.42,26.48
174,14.46,31.89
175,24.96,40.76
176,25.98,42.56
177,24.97,51.69
178,13.76,33.83
179,11.48,35.22
180,21.75,30.16
181,24.77,68.25
182,29.03,67.13
183,19.81,39.75
184,33.87,68.04
185,28.08,70.05
186,20.85,41.71
187,24.16,51.37
188,22.22,55.28
189,9.68,7.14
190,18.92,39.59
191,16.03,43.92
192,23.16,37.95
193,24.74,27.89
194,27.63,62.62
195,15.83,43.05
196,24.01,61.80
197,12.28,10.86
198,12.61,4.51
199,27.17,50.03
200,19.94,35.40
201,33.77,77.26
202,20.50,58.88
203,31.77,85.91
204,29.76,68.98
205,20.72,53.98
206,9.63,-0.15
207,28.65,47.55
208,23.30,45.74
209,20.49,54.24
210,20.99,48.92
211,24.68,51.65
212,20.55,37.20
213,14.08,26.82
214,17.36,25.83
215,18.93,27.32
216,19.63,53.06
217,16.30,20.05
218,29.83,53.27
219,29.04,57.28
220,16.14,28.63
221,21.53,41.58
222,11.29,26.06
223,22.81,57.66
224,14.88,18.00
225,13.18,28.49
226,17.75,48.04
227,21.81,48.41
228,14.04,30.21
229,27.03,37.40
230,22.32,54.99
231,11.78,19.25
232,8.80,-2.12
233,24.73,57.78
234,28.03,30.96
235,12.22,14.40
236,19.06,54.19
237,24.28,28.82
238,17.39,18.14
239,34.37,68.52
240,10.36,9.43
241,14.32,34.37
242,12.95,41.84
243,9.27,15.94
244,25.98,69.05
245,33.45,109.11
246,33.90,102.02
247,30.35,19.62
248,31.47,59.01
249,19.48,32.76
250,13.96,15.40
251,16.55,36.99
252,20.76,50.57
253,16.12,26.15
254,17.27,39.81
255,12.79,31.12
256,27.93,66.95
257,9.32,24.56
258,13.66,39.19
259,33.36,105.39
260,24.96,40.87
261,28.86,61.51
262,16.26,101.28
263,25.10,46.77
264,35.78,81.99
265,28.67,78.26
266,31.15,57.74
267,15.75,51.19
268,21.13,42.24
269,32.26,63.33
270,13.90,36.37
271,15.61,20.27
272,16.46,45.81
273,22.67,19.07
274,24.68,48.79
275,14.98,32.07
276,10.18,24.41
277,24.32,33.99
278,31.74,68.47
279,18.87,10.97
280,7.57,-5.43
281,6.78,-10.02
282,29.66,68.12
283,30.13,78.81
284,11.54,40.87
285,13.84,43.25
286,10.47,13.69
287,19.35,35.64
288,29.41,45.47
289,8.84,61.04
290,12.48,21.15
291,16.43,33.94
292,13.53,51.45
293,26.50,15.02
294,16.15,16.11
295,37.02,120.00
296,15.64,28.78
297,32.14,53.11
298,13.31,24.77
299,14.81,32.11
300,15.99,41.96
301,12.78,27.86
302,19.99,39.25
303,9.05,9.37
304,21.19,31.37
305,23.73,50.44
306,21.32,51.86
307,28.89,49.06
308,15.03,12.17
309,33.01,89.99
310,13.47,40.00
311,20.04,30.39
312,20.10,27.32
313,11.02,28.30
314,29.26,67.58
315,9.34,9.25
316,19.90,58.96
317,12.97,34.62
318,13.75,21.40
319,10.06,4.19
320,22.33,45.66
321,23.44,51.73
322,19.53,25.55
323,23.49,42.33
324,30.65,69.46
325,27.40,37.23
326,40.24,165.03
327,31.24,100.78
328,23.86,46.80
329,30.80,72.72
330,29.06,61.56
331,29.41,71.51
332,11.22,17.67
333,19.74,50.52
334,20.49,36.31
335,25.73,39.25
336,13.53,15.01
337,9.68,24.65
338,25.29,36.17
339,19.75,30.28
340,23.81,26.18
341,14.54,36.01
342,22.85,41.56
343,19.05,36.50
344,10.85,10.15
345,23.96,34.97
346,25.04,50.76
347,11.39,36.65
348,14.61,15.98
349,18.85,8.72
350,24.51,25.90
351,40.93,127.29
352,14.61,41.48
353,13.26,37.69
354,21.59,48.83
355,10.25,13.36
356,16.84,30.54
357,21.89,49.95
358,25.94,56.80
359,23.62,53.64
360,25.60,43.74
361,12.85,31.55
362,18.70,26.82
363,28.72,60.16
364,14.85,48.69
365,13.27,12.47
366,13.58,29.94
367,20.03,30.56
368,34.15,86.39
369,15.97,52.76
370,28.85,64.27
371,33.68,94.63
372,26.19,49.96
373,10.94,5.50
374,22.90,40.23
375,14.71,23.72
376,26.46,32.49
377,11.14,17.98
378,21.23,33.11
379,27.51,67.52
380,28.84,84.50
381,9.66,17.13
382,29.86,69.62
383,4.03,-38.02
384,30.79,50.53
385,31.95,87.36
386,34.44,73.36
387,14.63,47.86
388,16.28,37.62
389,21.33,42.50
390,18.48,38.61
391,35.80,89.87
392,31.18,87.09
393,13.43,16.33
394,22.47,42.69
395,11.20,20.74
396,19.52,46.82
397,20.21,25.56
398,23.14,39.24
399,31.78,87.85
400,11.63,21.66
401,37.12,129.95
402,22.69,39.98
403,31.51,52.03
404,13.74,11.53
405,20.33,27.99
406,19.07,11.62
407,31.36,58.19
408,23.49,59.31
409,32.67,60.68
410,18.30,33.88
411,24.20,31.29
412,11.44,13.69
413,22.85,28.73
414,20.85,41.29
415,22.51,37.65
416,29.08,67.64
417,27.20,45.97
418,20.29,39.31
419,34.84,88.43
420,10.39,32.05
421,30.76,70.28
422,26.11,59.29
423,29.66,80.93
424,20.48,32.47
425,24.71,49.43
426,23.60,26.27
427,20.74,30.15
428,31.29,77.81
429,9.33,0.84
430,15.19,18.44
431,24.26,33.48
432,17.49,11.18
433,35.22,69.00
434,30.48,61.21
435,15.18,41.50
436,23.84,25.46
437,25.79,54.61
438,15.66,49.85
439,32.81,110.90
440,18.78,60.14
441,12.32,18.59
442,26.35,57.03
443,35.58,97.36
444,10.16,8.89
445,24.00,70.70
446,22.69,49.17
447,9.94,21.11
448,10.27,17.65
449,31.73,93.75
450,16.64,15.86
451,27.62,87.59
452,12.67,4.28
453,25.39,57.24
454,18.52,36.54
455,21.80,44.10
456,26.14,20.57
457,14.21,39.19
458,13.03,36.97
459,11.85,34.01
460,10.86,20.34
461,17.57,49.20
462,21.30,33.34
463,30.19,71.02
464,9.49,30.73
465,28.22,64.51
466,21.67,34.96
467,23.65,48.38
468,24.85,71.99
469,28.78,53.64
470,23.77,44.54
471,26.83,48.99
472,12.79,47.64
473,10.77,27.33
474,21.13,31.68
475,38.49,159.03
476,24.86,52.05
477,20.39,46.51
478,23.05,44.04
479,27.86,82.81
480,23.22,42.98
481,21.06,35.83
482,28.83,89.39
483,30.61,75.56
484,14.26,29.11
485,18.38,33.49
486,26.68,47.03
487,26.14,11.31
488,14.29,34.34
489,33.60,71.51
490,13.52,36.38
491,18.06,34.22
492,29.05,63.96
493,21.01,44.22
494,35.35,96.39
495,30.85,60.36
496,27.42,58.12
497,23.30,48.98
498,10.23,24.99
499,19.88,29.43
500,22.60,47.98
501,12.10,16.55
502,15.30,30.24
503,18.51,23.35
504,14.96,30.48
505,25.66,33.78
506,32.84,72.97
507,35.12,72.53
508,21.93,52.13
509,21.97,49.79
510,25.23,41.01
511,20.17,61.67
512,17.84,38.80
513,24.47,47.11
514,14.37,41.59
515,24.37,62.47
516,27.03,66.55
517,31.89,61.08
518,33.81,91.58
519,15.01,102.40
520,16.24,41.83
521,25.61,70.24
522,35.59,93.65
523,28.36,52.68
524,22.97,57.01
525,29.75,80.75
526,23.34,22.04
527,25.44,78.57
528,20.44,42.86
529,20.31,28.71
530,21.33,41.91
531,20.88,32.35
532,14.28,43.36
533,11.11,27.66
534,19.45,29.79
535,12.87,16.99
536,16.46,41.80
537,26.14,29.23
538,19.85,31.07
539,22.39,51.50
540,20.28,29.53
541,17.62,42.65
542,14.60,31.82
543,16.91,43.82
544,14.02,23.00
545,19.08,47.78
546,21.31,46.69
547,22.20,37.80
548,14.61,58.06
549,38.40,128.99
550,29.17,39.03
551,23.10,35.13
552,20.08,37.02
553,17.95,38.69
554,21.90,59.06
555,20.16,43.27
556,17.39,46.66
557,12.47,34.33
558,18.40,16.01
559,26.31,49.90
560,15.35,16.11
561,16.81,23.22
562,27.08,48.26
563,21.40,29.48
564,29.49,52.60
565,33.70,106.03
566,21.04,36.40
567,30.22,86.34
568,23.43,49.34
569,25.48,42.82
570,12.20,15.46
571,23.21,46.27
572,12.42,29.96
573,11.34,23.41
574,26.48,70.62
575,28.38,51.18
576,11.89,16.18
577,10.13,37.53
578,29.55,76.27
579,13.43,57.08
580,5.85,-5.65
581,27.69,60.51
582,15.14,37.19
583,27.50,69.52
584,32.27,61.24
585,24.16,27.17
586,35.07,97.17
587,29.38,87.37
588,20.65,50.30
589,14.83,29.04
590,22.06,35.58
591,28.65,44.52
592,29.74,51.94
593,25.46,35.73
594,33.60,86.77
595,18.19,24.29
596,36.19,110.89
597,28.60,71.47
598,32.75,98.01
599,19.26,17.72
600,16.81,48.38
601,16.48,46.58
602,24.31,56.79
603,7.26,-27.38
604,14.56,26.71
605,14.69,1.65
606,15.39,18.48
607,32.34,63.87
608,11.38,0.09
609,28.68,38.81
610,14.80,25.09
611,26.55,43.57
612,13.66,30.94
613,26.07,47.02
614,31.85,85.36
615,17.99,24.73
616,12.53,13.30
617,16.37,58.10
618,23.49,7.46
619,19.30,52.15
620,19.61,50.68
621,18.48,43.02
622,16.08,7.36
623,10.25,11.37
624,11.17,22.56
625,37.09,73.45
626,13.05,30.34
627,37.28,121.32
628,20.27,34.48
629,19.87,26.59
630,18.84,41.37
631,11.26,29.76
632,10.45,13.15
633,24.00,54.46
634,11.71,31.31
635,13.94,34.60
636,29.51,40.82
637,7.62,-6.74
638,10.88,-4.03
639,18.88,39.48
640,25.44,48.84
641,20.71,40.71
642,27.86,54.53
643,20.18,19.61
644,10.71,15.36
645,23.39,67.68
646,22.37,46.97
647,14.32,51.86
648,30.70,66.50
649,17.77,19.79
650,13.47,27.96
651,11.59,17.63
652,28.27,57.11
653,12.23,45.33
654,21.17,11.45
655,16.78,34.68
656,30.79,47.61
657,28.84,67.99
658,26.42,52.06
659,20.55,27.31
660,13.76,37.70
661,31.73,74.56
662,21.13,66.21
663,35.79,97.49
664,24.79,65.02
665,29.49,70.93
666,13.55,44.90
667,14.14,25.95
668,34.72,99.47
669,29.38,75.16
670,23.13,42.94
671,33.60,91.86
672,22.29,19.03
673,29.15,54.31
674,8.93,-6.67
675,20.26,54.52
676,29.85,59.43
677,20.11,58.35
678,24.22,54.41
679,24.51,36.67
680,24.76,37.28
681,7.81,63.82
682,16.21,41.95
683,11.68,10.62
684,21.31,37.80
685,22.84,58.53
686,26.84,49.06
687,12.65,29.67
688,32.81,67.67
689,30.34,105.43
690,25.15,31.74
691,33.77,100.76
692,33.35,74.98
693,20.15,37.04
694,32.06,81.36
695,16.34,25.47
696,30.92,47.67
697,9.78,11.37
698,22.40,38.93
699,7.72,-11.02
700,19.51,33.00
701,28.93,42.55
702,30.17,47.39
703,32.99,92.05
704,11.97,23.45
705,15.60,37.07
706,25.11,41.76
707,37.44,98.00
708,27.49,36.53
709,20.00,34.65
710,13.39,29.04
711,14.16,29.34
712,15.30,22.05
713,17.88,30.02
714,26.11,71.97
715,31.97,63.22
716,15.91,52.52
717,16.66,40.38
718,26.18,43.88
719,23.35,34.91
720,29.25,71.71
721,35.91,65.31
722,19.90,29.85
723,7.27,-17.31
724,11.15,16.00
725,24.36,39.85
726,24.67,40.68
727,17.78,30.94
728,23.01,53.10
729,15.45,37.29
730,23.90,60.60
731,9.28,-3.53
732,11.53,32.83
733,8.00,15.70
734,20.88,57.02
735,23.01,41.63
736,24.12,68.52
737,13.42,28.28
738,23.55,27.55
739,16.32,43.22
740,24.51,40.46
741,23.22,28.64
742,7.66,8.26
743,14.86,45.49
744,22.65,52.82
745,21.99,36.06
746,12.21,16.23
747,27.77,71.27
748,15.65,40.71
749,36.35,123.26
750,28.09,43.77
751,25.47,44.83
752,26.56,62.02
753,28.22,53.36
754,17.37,34.55
755,27.06,46.36
756,14.31,20.77
757,15.95,31.79
758,10.79,10.36
759,7.93,13.14
760,13.79,27.84
761,33.42,106.53
762,29.91,41.82
763,16.81,25.62
764,36.56,129.19
765,32.98,64.84
766,26.62,56.27
767,17.88,51.60
768,17.06,43.57
769,34.49,87.56
770,26.58,57.46
771,15.72,30.25
772,19.24,29.17
773,33.62,94.40
774,30.10,56.60
775,11.55,15.83
776,29.61,62.66
777,13.43,39.63
778,8.79,8.74
779,33.15,66.79
780,13.28,30.40
781,28.23,77.13
782,12.70,28.70
783,12.96,28.23
784,24.95,35.33
785,15.34,21.39
786,32.05,54.75
787,24.61,43.14
788,29.94,42.82
789,27.40,59.71
790,19.85,35.11
791,18.12,28.92
792,21.28,53.32
793,20.76,41.80
794,29.50,65.91
795,32.77,81.78
796,25.37,33.09
797,29.05,62.62
798,25.15,45.50
799,15.06,42.06
800,24.11,58.57
801,34.00,131.48
802,10.86,-4.43
803,24.20,29.79
804,29.66,61.38
805,30.78,99.74
806,27.59,62.74
807,11.84,41.42
808,15.17,34.39
809,20.56,43.16
810,17.27,51.07
811,14.91,16.49
812,30.71,88.04
813,32.04,60.28
814,21.24,28.44
815,31.87,80.64
816,25.35,42.00
817,22.54,66.71
818,28.04,57.44
819,19.93,33.60
820,10.27,8.35
821,34.64,103.85
822,21.61,29.19
823,27.91,46.09
824,28.68,38.68
825,20.23,50.78
826,29.03,71.47
827,19.47,26.92
828,16.46,29.54
829,17.15,45.32
830,12.65,9.20
831,18.97,39.40
832,11.98,27.67
833,19.95,38.97
834,27.99,50.47
835,16.50,33.83
836,8.90,34.82
837,27.39,64.91
838,17.64,17.62
839,21.33,61.31
840,12.11,30.46
841,14.89,19.63
842,28.26,73.93
843,32.61,90.57
844,7.24,16.48
845,22.46,58.57
846,20.18,47.40
847,9.38,6.60
848,21.97,20.49
849,31.55,82.56
850,15.44,17.76
851,20.15,46.08
852,18.93,39.79
853,33.29,75.41
854,29.01,65.36
855,15.43,38.52
856,17.95,34.85
857,36.96,120.27
858,10.22,36.88
859,16.00,24.84
860,26.10,45.94
861,28.81,47.55
862,33.39,110.16
863,31.87,109.29
864,21.85,27.76
865,17.40,43.98
866,20.66,45.64
867,23.06,46.81
868,10.32,17.91
869,16.49,27.67
870,27.74,45.59
871,26.39,55.10
872,30.26,99.02
873,8.46,29.62
874,30.55,88.90
875,17.74,44.04
876,26.56,61.30
877,18.15,34.23
878,14.64,30.52
879,29.62,20.95
880,13.61,20.55
881,17.79,40.95
882,9.95,7.29
883,19.34,45.24
884,27.24,46.26
885,15.82,37.09
886,21.25,25.59
887,19.18,25.10
888,17.20,30.96
889,30.63,48.29
890,29.03,43.07
891,20.46,48.08
892,15.84,48.84
893,21.70,25.10
894,17.36,29.73
895,23.28,51.56
896,26.83,55.34
897,17.69,32.68
898,15.51,33.03
899,26.46,34.03
900,24.68,28.24
901,28.86,57.46
902,27.83,74.20
903,32.16,98.84
904,26.13,47.27
905,20.91,51.07
906,23.00,46.55
907,24.26,57.02
908,17.41,127.66
909,30.37,67.43
910,20.37,38.04
911,16.05,11.85
912,14.96,26.97
913,25.07,40.28
914,16.66,35.76
915,20.00,31.93
916,15.88,51.57
917,29.37,57.86
918,18.62,34.25
919,34.80,93.75
920,13.06,15.70
921,15.75,24.63
922,15.70,25.02
923,28.45,82.69
924,32.19,77.53
925,12.61,14.64
926,12.71,41.20
927,14.39,23.71
928,25.08,54.71
929,25.38,45.93
930,11.72,8.78
931,8.94,9.27
932,11.77,25.33
933,16.08,33.21
934,34.07,74.29
935,35.46,67.24
936,24.08,26.42
937,23.28,65.10
938,26.12,74.75
939,22.90,57.75
940,17.05,42.09
941,25.46,47.17
942,22.76,52.33
943,36.17,117.42
944,6.23,-19.18
945,20.51,60.67
946,22.92,69.66
947,26.03,48.45
948,29.73,56.03
949,29.20,75.64
950,14.15,16.85
951,8.51,3.36
952,11.38,39.00
953,14.10,42.88
954,11.32,17.86
955,29.81,54.79
956,20.58,46.17
957,28.07,62.46
958,19.42,59.16
959,17.06,23.81
960,14.09,16.97
961,33.93,80.88
962,28.74,80.96
963,27.73,53.10
964,10.48,9.18
965,10.94,30.99
966,30.75,70.22
967,20.40,27.72
968,16.76,4.54
969,20.39,52.97
970,21.03,52.28
971,13.33,19.20
972,22.18,35.77
973,37.35,138.09
974,33.16,88.80
975,19.45,41.24
976,19.36,39.41
977,15.18,9.93
978,31.72,93.28
979,30.75,77.57
980,22.22,58.25
981,34.32,99.37
982,22.66,38.67
983,23.52,71.18
984,23.72,45.86
985,32.15,97.33
986,22.56,39.31
987,35.10,53.80
988,30.63,40.65
989,20.31,43.45
990,13.76,39.80
991,16.30,34.40
992,35.17,103.31
993,16.46,12.21
994,20.27,42.72
995,28.77,60.57
996,30.00,55.75
997,35.76,112.87
998,9.41,2.26
999,14.04,33.55
1000,15.36,19.65
1001,12.23,39.91
1002,20.10,48.93
1003,21.23,40.64
1004,15.79,30.14
1005,12.69,38.85
1006,30.61,75.78
1007,18.76,53.25
1008,32.81,60.91
1009,10.55,45.49
1010,27.35,17.20
1011,27.35,60.82
1012,24.50,58.77
1013,13.16,30.59
1014,22.73,46.13
1015,27.51,51.17
1016,11.69,23.50
1017,24.20,36.76
1018,15.33,38.64
1019,34.07,66.01
1020,22.28,49.94
1021,24.28,52.92
1022,24.24,66.41
1023,13.97,34.49
1024,20.60,54.20
1025,19.89,32.28
1026,13.93,5.30
1027,11.28,22.17
1028,32.57,107.72
1029,26.90,38.20
1030,28.28,76.37
1031,16.81,27.21
1032,28.16,71.55
1033,26.83,71.65
1034,13.69,39.33
1035,32.03,65.00
1036,27.64,59.21
1037,5.98,-6.56
1038,35.96,128.96
1039,11.85,7.64
1040,34.02,106.58
1041,11.68,30.01
1042,31.35,44.16
1043,38.48,132.65
1044,27.67,72.07
1045,33.20,101.49
1046,34.62,90.09
1047,15.25,25.78
1048,17.38,33.32
1049,24.64,30.30
1050,27.50,58.98
1051,16.62,31.81
1052,35.47,132.53
1053,22.71,46.48
1054,13.08,28.28
1055,20.87,50.91
1056,8.26,13.57
1057,14.36,31.10
1058,31.11,72.89
1059,31.89,68.98
1060,8.53,6.00
1061,25.82,45.66
1062,18.29,40.53
1063,18.21,31.40
1064,36.04,124.21
1065,28.83,38.74
1066,16.37,27.18
1067,23.86,54.27
1068,23.37,32.78
1069,24.38,64.84
1070,15.08,32.60
1071,15.99,27.45
1072,30.46,59.37
1073,32.32,97.69
1074,21.91,34.46
1075,12.87,23.37
1076,18.32,73.36
1077,24.92,70.44
1078,29.38,76.85
1079,37.57,144.75
1080,34.11,76.19
1081,13.34,31.17
1082,26.78,26.33
1083,15.71,22.80
1084,28.96,106.54
1085,31.89,32.97
1086,25.83,51.02
1087,18.00,37.02
1088,33.90,86.31
1089,18.87,33.33
1090,27.56,89.64
1091,18.89,18.80
1092,24.35,29.45
1093,32.71,93.41
1094,14.92,36.65
1095,27.09,47.81
1096,33.22,81.52
1097,32.13,78.18
1098,35.80,97.09
1099,29.14,72.84
1100,35.01,108.49
1101,29.69,35.54
1102,27.08,44.87
1103,26.25,41.61
1104,26.08,40.33
1105,33.66,117.45
1106,12.10,7.23
1107,12.00,36.72
1108,31.41,59.76
1109,12.24,28.41
1110,24.63,62.51
1111,17.78,51.96
1112,14.94,1.53
1113,23.75,42.90
1114,19.45,21.26
1115,18.24,38.27
1116,16.27,39.77
1117,16.54,14.41
1118,19.33,24.74
1119,34.36,105.38
1120,15.95,37.15
1121,20.14,20.28
1122,29.35,65.52
1123,34.67,68.51
1124,13.10,23.15
1125,26.12,73.16
1126,34.44,66.59
1127,23.67,49.28
1128,27.01,38.59
1129,5.85,5.28
1130,21.84,26.09
1131,14.89,43.63
1132,34.05,125.52
1133,11.85,12.19
1134,9.95,24.03
1135,17.03,21.17
1136,25.18,65.07
1137,22.52,33.61
1138,33.76,110.00
1139,19.07,42.51
1140,13.00,28.42
1141,22.41,51.72
1142,26.09,31.12
1143,10.87,13.98
1144,25.11,29.14
1145,23.44,47.02
1146,28.91,52.60
1147,14.86,25.13
1148,10.22,-4.40
1149,17.23,39.41
1150,32.67,82.26
1151,31.59,61.82
1152,33.36,97.96
1153,8.17,-8.30
1154,14.80,32.68
1155,30.23,83.17
1156,29.24,43.13
1157,33.68,90.27
1158,25.24,46.23
1159,22.18,45.71
1160,23.17,35.84
1161,23.58,22.47
1162,13.75,33.85
1163,7.70,1.35
1164,31.98,92.38
1165,15.92,53.19
1166,28.93,75.89
1167,8.91,15.28
1168,14.56,93.68
1169,9.52,27.49
1170,31.74,60.86
1171,19.39,36.36
1172,12.23,16.27
1173,18.13,29.73
1174,21.08,34.75
1175,25.33,37.14
1176,28.87,48.33
1177,16.27,24.25
1178,11.54,26.26
1179,33.02,93.01
1180,19.68,42.00
1181,28.61,55.71
1182,31.78,72.53
1183,17.91,30.20
1184,19.77,33.02
1185,11.15,37.41
1186,17.55,18.56
1187,21.80,49.43
1188,12.10,22.69
1189,27.69,64.73
1190,13.68,15.65
1191,25.95,41.98
1192,34.88,120.87
1193,11.80,18.48
1194,34.58,132.50
1195,6.10,-13.62
1196,26.80,66.84
1197,20.20,47.64
1198,34.44,90.92
1199,19.58,40.60
1200,21.68,28.26
1201,12.16,27.30
1202,17.67,45.02
1203,21.06,35.85
1204,17.45,30.16
1205,29.84,59.80
1206,12.81,21.92
1207,22.63,48.55
1208,35.26,83.40
1209,27.33,48.75
1210,28.13,78.59
1211,12.33,33.10
1212,22.87,44.99
1213,11.34,38.01
1214,15.26,30.80
1215,17.54,16.32
1216,12.71,7.38
1217,12.33,25.74
1218,25.23,26.34
1219,27.69,32.85
1220,30.69,60.86
1221,17.68,45.39
1222,29.59,65.26
1223,29.59,86.31
1224,14.77,36.45
1225,25.69,61.80
1226,20.94,41.02
1227,16.05,15.30
1228,15.37,40.15
1229,20.85,29.28
1230,20.85,17.13
1231,17.24,58.87
1232,32.10,76.09
1233,23.30,18.46
1234,25.47,57.14
1235,19.10,21.31
1236,12.90,17.58
1237,17.05,45.03
1238,19.62,21.21
1239,31.27,91.46
1240,11.06,17.48
1241,30.02,74.19
1242,36.21,124.89
1243,17.52,24.88
1244,30.87,80.32
1245,34.52,114.85
1246,11.63,40.55
1247,12.48,4.74
1248,32.68,92.31
1249,11.78,15.20
1250,25.54,46.42
1251,21.90,47.87
1252,30.47,76.06
1253,31.40,74.68
1254,22.08,63.99
1255,25.62,59.85
1256,15.01,33.30
1257,22.81,57.13
1258,24.26,41.50
1259,13.49,46.61
1260,25.79,56.55
1261,36.01,101.24
1262,26.88,33.26
1263,19.56,48.88
1264,31.20,56.00
1265,29.73,78.74
1266,29.07,45.75
1267,24.81,37.59
1268,13.40,32.52
1269,33.64,99.05
1270,18.62,47.81
1271,17.13,34.37
1272,29.95,52.46
1273,35.05,112.48
1274,21.35,28.96
1275,32.19,100.22
1276,23.05,40.22
1277,28.49,79.03
1278,24.62,47.21
1279,21.48,36.79
1280,15.27,14.56
1281,23.83,26.77
1282,7.01,-3.31
1283,30.05,71.45
1284,22.39,50.27
1285,10.80,18.16
1286,24.56,53.65
1287,14.16,42.63
1288,29.48,76.71
1289,17.93,47.58
1290,17.63,37.52
1291,28.76,46.54
1292,27.64,70.72
1293,18.46,22.28
1294,29.87,69.27
1295,21.06,28.32
1296,14.22,18.59
1297,15.03,36.36
1298,23.14,22.58
1299,32.12,60.03
1300,10.73,3.53
1301,13.51,6.75
1302,10.45,37.38
1303,31.15,70.52
1304,17.63,49.36
1305,28.35,62.06
1306,23.66,54.47
1307,16.38,28.30
1308,12.92,26.93
1309,21.94,45.90
1310,25.19,51.58
1311,9.12,24.37
1312,18.41,8.71
1313,30.29,52.23
1314,16.61,41.94
1315,7.74,11.75
1316,22.21,42.93
1317,15.42,48.20
1318,24.64,36.01
1319,30.31,80.89
1320,25.86,51.48
1321,14.52,26.40
1322,24.69,32.72
1323,28.66,151.42
1324,30.15,55.08
1325,30.94,69.42
1326,14.08,25.03
1327,28.15,42.37
1328,13.84,24.90
1329,30.48,92.34
1330,11.72,15.40
1331,20.26,57.80
1332,15.70,48.77
1333,20.33,28.22
1334,27.47,46.03
1335,33.43,106.21
1336,27.49,68.24
1337,22.56,51.36
1338,34.25,81.00
1339,18.89,44.34
1340,17.78,42.49
1341,31.08,70.02
1342,10.97,20.12
1343,23.55,67.23
1344,12.44,10.72
1345,19.49,53.22
1346,25.93,74.58
1347,11.08,24.44
1348,17.76,12.46
1349,13.52,11.24
1350,22.68,44.74
1351,14.96,29.49
1352,16.03,20.57
1353,11.69,31.35
1354,30.93,92.93
1355,9.51,4.69
1356,11.70,-7.18
1357,9.68,22.48
1358,16.68,43.37
1359,24.97,51.26
1360,31.35,65.89
1361,22.20,26.78
1362,24.33,53.59
1363,25.09,41.12
1364,28.61,46.54
1365,16.95,13.40
1366,15.19,30.45
1367,17.75,26.57
1368,36.25,109.56
1369,7.47,-22.21
1370,16.06,47.76
1371,16.32,43.30
1372,10.32,27.60
1373,18.33,53.02
1374,25.39,55.36
1375,11.04,31.26
1376,18.92,43.56
1377,19.87,21.78
1378,33.07,78.38
1379,17.80,34.82
1380,34.76,115.68
1381,16.73,29.98
1382,33.26,44.28
1383,19.50,25.19
1384,27.79,40.00
1385,24.84,43.30
1386,12.06,31.32
1387,13.91,20.46
1388,23.20,48.42
1389,19.80,32.60
1390,15.63,49.49
1391,16.60,54.42
1392,23.56,52.90
1393,18.65,51.89
1394,23.83,59.96
1395,26.53,60.69
1396,19.62,49.49
1397,28.46,69.63
1398,26.54,62.15
1399,20.31,39.44
1400,24.31,43.43
1401,16.57,34.99
1402,19.26,32.41
1403,22.18,48.91
1404,13.44,20.43
1405,16.79,41.04
1406,9.25,6.37
1407,6.58,2.49
1408,31.57,87.21
1409,26.20,49.50
1410,34.18,99.35
1411,23.85,29.06
1412,19.53,30.95
1413,15.00,26.18
1414,21.95,31.26
1415,19.48,33.76
1416,33.61,69.92
1417,36.86,110.73
1418,18.10,21.82
1419,31.33,49.37
1420,27.23,36.76
1421,7.50,7.10
1422,14.70,19.95
1423,30.86,95.24
1424,8.36,11.00
1425,17.22,47.97
1426,15.61,41.48
1427,22.56,55.00
1428,24.23,48.95
1429,17.73,46.41
1430,27.36,46.16
1431,26.78,65.62
1432,28.21,56.25
1433,10.75,19.52
1434,26.34,52.47
1435,17.57,44.23
1436,23.97,52.23
1437,20.21,44.26
1438,15.66,36.87
1439,28.85,55.54
1440,28.45,32.67
1441,21.89,22.80
1442,23.61,55.49
1443,23.97,65.32
1444,30.53,69.80
1445,17.62,36.77
1446,32.97,89.37
1447,21.09,15.67
1448,13.09,21.85
1449,21.47,55.30
1450,28.57,79.26
1451,21.25,35.24
1452,22.64,46.91
1453,20.56,38.04
1454,14.73,12.62
1455,22.81,39.04
1456,19.53,29.02
1457,18.73,47.66
1458,20.71,48.19
1459,20.50,48.65
1460,26.59,56.90
1461,26.91,52.26
1462,27.29,75.92
1463,23.35,48.14
1464,14.96,24.13
1465,19.10,34.30
1466,20.61,52.17
1467,14.72,20.77
1468,23.73,58.93
1469,28.93,65.28
1470,14.76,16.57
1471,26.85,32.51
1472,15.08,22.82
1473,22.44,33.87
1474,8.62,18.53
1475,31.78,91.71
1476,30.67,63.26
1477,32.25,71.04
1478,24.94,61.78
1479,26.56,103.66
1480,23.50,39.73
1481,21.21,71.85
1482,21.87,47.79
1483,23.23,62.58
1484,22.62,40.68
1485,23.49,37.21
1486,25.68,49.81
1487,19.00,49.03
1488,25.44,47.19
1489,18.75,40.82
1490,25.80,47.22
1491,26.62,38.63
1492,26.61,75.58
1493,31.55,54.31
1494,11.36,26.16
1495,27.06,52.77
1496,22.45,53.52
1497,12.47,4.12
1498,23.15,32.78
1499,21.15,31.19
1500,24.76,50.34
1501,10.23,25.34
1502,14.23,42.10
1503,36.89,107.41
1504,25.84,28.73
1505,33.46,83.12
1506,22.58,58.17
1507,32.88,72.85
1508,33.49,100.33
1509,22.47,56.33
1510,26.03,57.93
1511,10.16,2.37
1512,27.25,49.96
1513,35.56,109.87
1514,30.72,75.15
1515,27.82,23.24
1516,12.16,25.99
1517,29.64,53.57
1518,26.71,34.83
1519,26.19,45.22
1520,25.18,58.73
1521,19.98,44.84
1522,25.15,39.78
1523,18.97,32.67
1524,27.89,42.29
1525,27.91,59.91
1526,13.38,20.96
1527,16.46,-6.67
1528,24.30,74.90
1529,18.44,35.32
1530,18.73,34.10
1531,12.78,39.44
1532,10.32,12.22
1533,28.84,64.25
1534,25.52,41.91
1535,22.17,48.76
1536,30.68,69.50
1537,23.07,53.78
1538,28.37,38.01
1539,20.67,58.22
1540,14.20,23.88
1541,30.69,70.81
1542,11.28,34.08
1543,28.40,50.49
1544,34.38,64.57
1545,24.71,48.44
1546,27.74,78.64
1547,26.37,45.56
1548,23.67,57.64
1549,11.94,11.12
1550,8.66,9.09
1551,12.21,7.67
1552,24.18,73.42
1553,9.32,18.75
1554,29.50,50.89
1555,23.79,61.73
1556,21.80,48.47
1557,23.46,46.57
1558,16.88,33.72
1559,14.43,49.35
1560,16.79,21.13
1561,8.24,18.40
1562,27.69,85.23
1563,12.70,33.10
1564,17.24,52.73
1565,26.90,39.35
1566,28.92,49.49
1567,12.54,12.80
1568,12.00,30.82
1569,11.01,14.22
1570,32.91,82.41
1571,30.21,54.12
1572,16.01,48.77
1573,11.73,51.35
1574,30.01,41.48
1575,25.63,32.20
1576,17.05,12.23
1577,20.76,20.78
1578,26.46,56.71
1579,33.31,80.30
1580,24.12,42.93
1581,16.03,6.75
1582,18.59,38.26
1583,8.66,24.60
1584,11.08,36.25
1585,16.12,35.96
1586,15.29,32.80
1587,12.97,17.21
1588,10.52,30.07
1589,29.42,47.09
1590,26.76,47.59
1591,27.73,65.90
1592,33.06,88.43
1593,17.68,25.98
1594,34.57,119.39
1595,16.53,25.49
1596,19.80,30.52
1597,33.12,85.12
1598,24.85,44.85
1599,10.02,12.50
1600,31.75,40.14
1601,15.92,47.48
1602,29.65,66.80
1603,25.40,29.38
1604,9.71,18.68
1605,25.73,35.00
1606,18.43,23.44
1607,24.05,46.87
1608,18.43,46.10
1609,21.05,56.87
1610,33.00,93.26
1611,25.89,47.66
1612,30.29,94.08
1613,22.71,47.21
1614,38.59,133.64
1615,22.86,46.67
1616,33.48,71.70
1617,13.45,7.52
1618,23.51,34.89
1619,23.69,32.14
1620,25.93,78.67
1621,13.50,16.31
1622,23.60,46.46
1623,26.32,24.82
1624,25.72,65.82
1625,19.33,41.54
1626,19.82,39.76
1627,15.58,27.53
1628,27.02,75.09
1629,17.64,47.21
1630,29.42,55.70
1631,26.42,35.81
1632,16.68,35.05
1633,11.63,29.43
1634,28.04,46.71
1635,14.34,39.23
1636,12.88,29.93
1637,5.90,63.75
1638,14.41,17.70
1639,26.38,48.83
1640,22.94,58.97
1641,11.01,14.56
1642,19.05,39.11
1643,20.36,38.19
1644,18.38,38.14
1645,27.31,72.06
1646,19.13,30.31
1647,24.30,15.18
1648,19.05,30.45
1649,17.59,35.52
1650,24.69,52.99
1651,15.52,30.85
1652,8.54,11.62
1653,11.24,-3.70
1654,11.46,10.08
1655,31.43,50.40
1656,16.67,29.87
1657,29.61,78.18
1658,15.22,50.56
1659,35.61,108.56
1660,27.37,50.70
1661,22.58,46.94
1662,24.64,30.56
1663,29.60,77.50
1664,16.74,28.84
1665,13.34,29.43
1666,27.80,61.48
1667,19.69,64.80
1668,9.20,24.48
1669,24.64,52.80
1670,16.63,37.96
1671,13.48,3.38
1672,24.83,45.45
1673,12.70,4.83
1674,27.84,36.11
1675,21.41,50.37
1676,16.18,13.24
1677,13.20,18.95
1678,20.02,20.14
1679,16.94,43.52
1680,30.83,87.93
1681,10.11,7.16
1682,12.72,47.68
1683,14.84,24.69
1684,9.81,32.36
1685,28.27,77.35
1686,21.46,70.47
1687,10.69,23.90
1688,13.13,24.28
1689,16.88,18.69
1690,36.75,97.91
1691,23.31,25.02
1692,12.35,27.55
1693,27.21,50.86
1694,30.93,34.43
1695,25.63,59.54
1696,29.98,69.53
1697,19.09,33.66
1698,24.99,47.40
1699,28.20,58.22
1700,28.50,64.28
1701,28.69,67.64
1702,31.34,86.40
1703,13.39,8.57
1704,31.05,88.54
1705,29.50,69.47
1706,11.60,18.94
1707,27.63,65.13
1708,27.06,43.34
1709,13.14,26.75
1710,15.33,30.16
1711,19.96,59.36
1712,28.75,67.66
1713,24.84,31.92
1714,34.28,85.02
1715,19.26,50.80
1716,26.29,71.57
1717,15.19,30.12
1718,23.06,43.44
1719,12.97,28.50
1720,13.90,25.12
1721,25.12,38.16
1722,19.20,30.02
1723,22.47,48.41
1724,23.84,13.99
1725,13.86,23.85
1726,21.60,45.17
1727,8.94,11.21
1728,21.60,85.05
1729,33.01,64.77
1730,10.22,15.99
1731,31.72,97.11
1732,23.23,44.53
1733,34.91,85.74
1734,16.70,31.24
1735,19.93,125.63
1736,16.57,93.46
1737,20.66,35.26
1738,20.80,36.58
1739,19.07,32.82
1740,10.98,2.92
1741,24.02,64.19
1742,20.41,29.91
1743,19.48,38.15
1744,25.07,27.95
1745,19.52,19.87
1746,32.26,56.87
1747,14.19,23.41
1748,10.51,24.74
1749,25.01,50.12
1750,15.30,31.46
1751,22.73,31.92
1752,31.37,66.08
1753,11.66,29.05
1754,24.30,50.75
1755,12.40,45.11
1756,36.43,97.37
1757,31.51,89.83
1758,15.34,19.09
1759,24.68,23.59
1760,9.99,-3.13
1761,10.80,18.66
1762,28.94,39.73
1763,21.93,46.96
1764,15.60,55.06
1765,31.60,78.27
1766,13.53,5.40
1767,30.60,72.40
1768,15.62,39.47
1769,30.44,72.99
1770,20.79,42.14
1771,21.49,50.75
1772,26.12,40.04
1773,22.97,60.39
1774,27.44,54.19
1775,26.15,64.22
1776,33.81,80.54
1777,29.63,55.75
1778,31.51,82.81
1779,14.28,37.64
1780,21.36,47.90
1781,39.92,111.03
1782,20.21,38.50
1783,23.88,36.73
1784,31.70,113.22
1785,14.28,28.56
1786,15.22,36.31
1787,27.38,51.88
1788,31.33,74.81
1789,18.61,18.47
1790,30.21,48.61
1791,16.72,34.08
1792,15.68,31.49
1793,26.68,32.05
1794,31.21,54.44
1795,22.30,41.86
1796,23.20,55.25
1797,29.85,58.76
1798,25.01,58.65
1799,22.14,42.48
1800,28.99,56.94
1801,26.06,56.00
1802,9.22,25.97
1803,28.63,47.17
1804,33.76,99.94
1805,10.90,30.41
1806,30.54,43.28
1807,32.91,98.27
1808,26.04,67.31
1809,25.02,59.32
1810,17.64,40.29
1811,21.20,45.75
1812,20.43,40.01
1813,15.31,48.35
1814,27.27,83.17
1815,13.44,16.80
1816,19.65,35.94
1817,11.05,9.60
1818,32.85,62.47
1819,28.64,36.68
1820,22.06,46.51
1821,12.26,14.80
1822,29.22,28.04
1823,31.17,66.51
1824,34.74,120.46
1825,25.57,55.20
1826,23.98,38.66
1827,21.35,49.47
1828,35.96,123.27
1829,23.70,50.47
1830,26.94,49.28
1831,27.41,58.65
1832,5.62,-24.57
1833,27.58,73.24
1834,27.51,56.76
1835,24.37,48.79
1836,29.70,69.79
1837,20.08,40.29
1838,29.06,66.20
1839,9.17,2.42
1840,24.94,67.74
1841,25.40,39.79
1842,10.77,31.22
1843,33.90,122.81
1844,25.47,65.70
1845,25.38,45.60
1846,13.94,17.31
1847,21.60,49.73
1848,23.72,46.35
1849,14.51,4.71
1850,18.91,32.49
1851,21.14,43.02
1852,10.50,27.43
1853,27.27,29.35
1854,10.71,8.39
1855,29.30,77.07
1856,23.04,59.62
1857,26.04,76.74
1858,7.69,-2.45
1859,32.64,54.62
1860,21.48,40.93
1861,11.14,18.12
1862,21.52,43.37
1863,30.57,59.68
1864,9.85,6.36
1865,36.74,121.52
1866,24.42,30.52
1867,33.79,48.17
1868,14.58,49.92
1869,30.62,68.28
1870,12.54,10.46
1871,32.78,106.77
1872,13.48,38.07
1873,15.02,25.04
1874,23.68,38.92
1875,12.32,13.89
1876,8.83,7.65
1877,33.11,88.49
1878,24.23,42.68
1879,20.57,33.71
1880,22.69,38.28
1881,21.30,51.12
1882,23.43,49.82
1883,30.17,63.76
1884,23.51,48.18
1885,22.05,46.00
1886,10.51,10.61
1887,33.35,100.40
1888,18.60,33.72
1889,33.25,57.94
1890,20.54,24.35
1891,21.20,24.74
1892,22.29,52.50
1893,11.70,24.77
1894,21.17,36.09
1895,11.53,27.62
1896,21.19,47.17
1897,30.39,71.45
1898,11.97,25.08
1899,30.26,74.30
1900,18.89,38.78
1901,28.62,60.00
1902,17.24,14.42
1903,12.08,22.35
1904,11.27,11.72
1905,17.16,43.74
1906,30.73,88.49
1907,13.10,23.35
1908,20.68,26.08
1909,30.78,71.33
1910,17.11,18.05
1911,34.77,98.63
1912,17.48,50.98
1913,29.87,75.19
1914,32.93,81.82
1915,23.68,42.89
1916,15.82,24.48
1917,28.09,38.24
1918,26.59,56.81
1919,12.39,25.59
1920,16.85,28.88
1921,25.76,52.18
1922,26.23,27.50
1923,14.53,4.66
1924,16.61,40.48
1925,29.64,71.42
1926,26.40,55.56
1927,23.88,34.56
1928,19.34,38.80
1929,28.18,53.54
1930,20.59,48.05
1931,25.45,28.40
1932,23.22,62.35
1933,18.00,44.56
1934,34.52,99.28
1935,13.54,28.00
1936,24.40,42.55
1937,31.58,85.96
1938,22.16,47.01
1939,34.84,101.86
1940,31.75,51.27
1941,33.06,79.43
1942,36.05,105.93
1943,24.37,45.59
1944,17.26,37.02
1945,29.30,76.11
1946,22.94,44.45
1947,15.98,32.02
1948,23.86,47.44
1949,27.44,46.92
1950,27.36,53.11
1951,26.56,57.32
1952,31.92,68.31
1953,13.09,26.04
1954,33.17,79.72
1955,15.91,26.78
1956,11.11,24.93
1957,14.43,16.66
1958,22.58,35.06
1959,28.87,73.08
1960,26.87,37.68
1961,11.06,-8.98
1962,25.11,58.94
1963,25.90,52.18
1964,14.17,34.91
1965,33.26,120.09
1966,27.41,51.63
1967,33.05,73.45
1968,12.16,11.88
1969,21.33,42.98
1970,24.87,27.75
1971,21.26,37.99
1972,37.94,121.54
1973,13.17,27.41
1974,21.15,5.88
1975,16.18,22.36
1976,8.85,12.12
1977,23.50,35.91
1978,32.78,88.60
1979,6.51,-37.55
1980,25.71,40.30
1981,23.26,55.46
1982,16.93,36.72
1983,29.23,50.24
1984,25.71,44.78
1985,9.12,-5.88
1986,25.15,50.89
1987,17.56,60.69
1988,15.87,38.17
1989,21.72,38.98
1990,25.41,47.88
1991,14.88,50.63
1992,23.05,15.65
1993,29.00,55.14
1994,32.18,89.14
1995,14.47,60.86
1996,9.46,-1.72
1997,12.51,19.24
1998,23.10,39.31
1999,21.30,23.23
2000,20.90,25.96
2001,12.98,8.05
2002,30.66,60.25
2003,18.14,39.12
2004,22.07,52.56
2005,11.57,25.93
2006,13.89,16.43
2007,25.57,47.19
2008,22.35,38.58
2009,29.78,83.32
2010,28.07,69.14
2011,23.93,49.84
2012,30.92,80.64
2013,29.89,52.84
2014,22.68,65.93
2015,33.13,102.84
2016,14.11,5.24
2017,11.73,21.67
2018,30.53,32.15
2019,34.98,122.65
2020,28.66,51.65
2021,28.55,63.32
2022,18.37,44.10
2023,14.06,28.21
2024,12.87,11.56
2025,22.58,34.75
2026,11.52,-2.07
2027,24.63,30.34
2028,19.31,43.95
2029,16.83,32.93
2030,19.88,27.87
2031,21.81,55.11
2032,19.52,61.28
2033,22.69,59.12
2034,21.32,46.97
2035,24.69,30.90
2036,28.50,80.95
2037,22.39,51.80
2038,21.78,40.35
2039,10.30,25.21
2040,35.27,98.72
2041,13.46,22.92
2042,32.95,50.64
2043,17.18,35.98
2044,16.16,41.69
2045,18.49,27.41
2046,18.36,55.21
2047,19.32,62.96
2048,12.48,2.14
2049,27.21,47.37
2050,31.17,92.53
2051,33.71,67.16
2052,11.99,31.59
2053,6.94,6.43
2054,19.52,32.42
2055,24.29,46.49
2056,23.07,24.24
2057,30.63,72.25
2058,9.87,10.93
2059,14.23,36.23
2060,22.08,46.22
2061,25.45,48.05
2062,34.78,72.79
2063,17.24,31.59
2064,24.91,70.07
2065,28.10,93.78
2066,16.35,27.21
2067,31.39,46.91
2068,23.26,44.25
2069,14.22,31.45
2070,23.01,59.57
2071,31.30,71.03
2072,12.58,26.60
2073,26.19,72.98
2074,12.14,22.47
2075,26.85,56.58
2076,33.47,83.35
2077,12.82,22.90
2078,30.88,50.18
2079,18.93,30.61
2080,26.58,61.68
2081,20.49,31.79
2082,37.03,130.94
2083,27.46,34.73
2084,31.11,92.54
2085,21.40,40.65
2086,19.38,48.06
2087,14.43,16.84
2088,10.53,17.16
2089,29.45,62.04
2090,23.93,59.63
2091,31.80,53.34
2092,16.55,37.04
2093,11.20,48.46
2094,25.94,51.48
2095,25.54,47.03
2096,23.51,48.26
2097,31.72,76.22
2098,23.81,66.53
2099,23.62,62.83
2100,16.32,23.71
2101,11.98,32.56
2102,28.84,58.16
2103,25.45,46.67
2104,16.11,19.81
2105,18.51,26.25
2106,23.20,59.32
2107,12.83,44.67
2108,20.31,53.11
2109,10.48,13.28
2110,8.16,-6.40
2111,18.94,23.36
2112,20.32,20.72
2113,12.45,19.40
2114,33.27,58.27
2115,24.58,44.31
2116,30.25,53.89
2117,24.72,62.58
2118,21.64,52.16
2119,16.34,23.30
2120,15.24,23.70
2121,31.46,70.46
2122,31.75,98.27
2123,17.35,39.86
2124,25.77,36.25
2125,16.38,28.89
2126,32.80,87.57
2127,12.69,24.70
2128,22.89,55.96
2129,12.06,35.99
2130,27.21,37.71
2131,30.25,49.36
2132,16.53,38.00
2133,28.63,64.29
2134,8.95,4.81
2135,23.49,63.81
2136,15.21,17.75
2137,12.62,24.77
2138,27.44,63.65
2139,20.35,38.47
2140,4.58,-36.78
2141,11.95,2.29
2142,15.70,7.07
2143,16.01,29.62
2144,21.95,54.43
2145,15.26,62.36
2146,26.92,44.46
2147,23.78,30.28
2148,32.72,92.90
2149,29.33,83.25
2150,21.12,45.27
2151,30.32,66.59
2152,31.08,67.42
2153,25.41,52.54
2154,35.34,96.16
2155,10.90,29.77
2156,19.45,25.58
2157,27.06,40.48
2158,32.55,122.55
2159,31.26,74.52
2160,15.40,39.80
2161,24.74,41.76
2162,28.26,45.04
2163,13.92,15.33
2164,24.03,31.68
2165,29.45,64.20
2166,33.23,94.60
2167,17.39,34.84
2168,14.68,26.79
2169,36.21,96.45
2170,32.15,64.12
2171,29.63,30.14
2172,14.04,18.54
2173,18.43,59.53
2174,28.02,59.10
2175,21.55,43.87
2176,9.90,25.48
2177,15.77,34.05
2178,27.49,41.46
2179,20.88,55.02
2180,29.94,49.99
2181,18.13,55.90
2182,21.46,52.22
2183,11.23,24.66
2184,27.75,57.93
2185,6.79,-26.30
2186,30.78,77.62
2187,22.85,44.38
2188,33.78,106.73
2189,21.52,49.48
2190,25.59,35.58
2191,13.18,42.78
2192,37.06,127.51
2193,18.47,28.06
2194,9.42,19.61
2195,31.46,59.54
2196,24.68,41.78
2197,24.69,47.99
2198,25.26,75.88
2199,18.75,29.05
2200,22.84,34.07
2201,31.78,123.14
2202,14.16,35.46
2203,21.33,56.74
2204,22.02,37.79
2205,18.22,15.64
2206,26.80,70.37
2207,13.65,34.71
2208,13.62,23.26
2209,28.67,53.79
2210,23.06,53.88
2211,25.84,59.99
2212,20.75,21.66
2213,11.94,26.65
2214,16.13,18.50
2215,31.35,69.78
2216,8.54,9.53
2217,24.64,33.77
2218,17.27,27.55
2219,23.60,34.74
2220,15.42,21.98
2221,27.41,75.38
2222,21.19,46.09
2223,26.02,71.88
2224,15.21,11.36
2225,28.51,46.16
2226,32.05,62.59
2227,13.54,14.86
2228,21.92,5.40
2229,13.14,17.95
2230,21.76,43.67
2231,10.52,-6.29
2232,21.35,37.62
2233,14.23,45.47
2234,13.49,17.03
2235,24.87,25.01
2236,23.45,58.11
2237,23.12,31.97
2238,25.66,37.13
2239,27.47,56.07
2240,10.64,21.07
2241,25.96,55.56
2242,28.40,57.89
2243,34.04,70.68
2244,23.02,53.28
2245,19.56,37.40
2246,31.11,100.35
2247,26.37,68.19
2248,15.07,9.75
2249,15.46,34.69
2250,19.69,58.59
2251,18.71,14.46
2252,17.80,42.18
2253,18.02,30.39
2254,33.81,99.54
2255,15.51,23.90
2256,17.33,31.08
2257,16.82,39.46
2258,28.99,92.50
2259,22.61,52.52
2260,26.89,75.48
2261,13.85,15.46
2262,25.12,21.84
2263,8.32,-8.68
2264,26.26,56.33
2265,25.42,62.81
2266,19.27,36.72
2267,22.07,39.08
2268,19.69,54.59
2269,32.11,56.92
2270,15.47,40.37
2271,31.76,74.52
2272,9.49,3.83
2273,21.85,37.13
2274,32.07,61.95
2275,33.92,100.63
2276,24.09,45.48
2277,18.90,30.39
2278,30.63,83.32
2279,33.27,59.59
2280,28.42,33.64
2281,18.26,59.30
2282,30.51,98.80
2283,23.93,41.42
2284,17.75,39.23
2285,25.31,57.75
2286,20.34,35.78
2287,36.83,130.63
2288,18.72,41.71
2289,15.65,35.08
2290,25.67,38.99
2291,7.52,-11.93
2292,29.35,39.66
2293,29.18,67.16
2294,33.90,103.58
2295,32.99,64.15
2296,31.68,95.64
2297,31.88,86.46
2298,21.17,54.13
2299,26.26,38.59
2300,20.86,35.07
2301,21.37,32.90
2302,25.88,60.44
2303,18.94,45.41
2304,21.86,39.75
2305,19.88,21.45
2306,19.83,10.79
2307,13.25,41.37
2308,19.89,42.98
2309,22.28,48.90
2310,28.11,64.32
2311,24.73,50.98
2312,14.95,27.50
2313,15.06,40.16
2314,23.62,41.97
2315,24.38,61.27
2316,16.26,39.56
2317,22.68,58.21
2318,17.32,44.41
2319,26.21,44.21
2320,28.85,57.52
2321,25.48,64.48
2322,29.05,59.59
2323,15.54,29.76
2324,26.71,53.86
2325,13.65,27.22
2326,3.68,-24.68
2327,28.20,58.44
2328,9.18,-8.55
2329,10.34,11.52
2330,12.72,13.85
2331,14.25,38.09
2332,17.07,39.23
2333,31.11,56.92
2334,18.11,49.32
2335,20.95,26.47
2336,15.78,39.93
2337,11.32,13.82
2338,28.84,71.54
2339,9.94,13.75
2340,11.91,45.19
2341,30.44,40.87
2342,30.93,85.15
2343,24.57,42.77
2344,12.77,11.39
2345,9.90,23.14
2346,25.06,42.59
2347,29.70,59.40
2348,21.05,58.54
2349,26.92,65.08
2350,20.93,61.86
2351,30.10,54.16
2352,22.12,30.08
2353,19.34,51.89
2354,17.07,35.82
2355,28.24,49.59
2356,14.70,24.38
2357,11.85,25.89
2358,7.52,3.84
2359,14.26,17.81
2360,33.25,104.17
2361,10.47,33.77
2362,29.55,41.27
2363,21.64,35.40
2364,20.40,53.42
2365,27.55,70.99
2366,28.68,72.94
2367,19.50,51.14
2368,19.32,21.82
2369,9.59,9.84
2370,14.68,45.65
2371,31.00,88.10
2372,35.04,98.54
2373,26.85,57.33
2374,16.84,19.71
2375,15.10,27.48
2376,27.08,47.07
2377,13.20,-1.03
2378,31.58,102.44
2379,17.78,23.38
2380,27.11,62.04
2381,19.26,26.61
2382,29.65,46.16
2383,23.43,57.90
2384,22.31,35.49
2385,15.29,34.27
2386,10.75,22.64
2387,8.03,13.84
2388,21.34,31.47
2389,19.46,50.15
2390,16.05,31.26
2391,25.87,51.12
2392,24.57,56.87
2393,19.18,25.61
2394,27.95,51.25
2395,14.60,22.58
2396,23.30,49.01
2397,21.57,30.55
2398,16.35,30.06
2399,34.19,76.38
2400,16.75,25.26
2401,21.63,55.51
2402,12.54,14.76
2403,27.47,30.58
2404,15.68,40.69
2405,24.88,47.47
2406,17.79,25.02
2407,19.39,44.67
2408,26.06,34.67
2409,11.18,15.13
2410,15.22,34.64
2411,16.76,30.85
2412,30.50,76.39
2413,21.20,19.38
2414,31.15,58.15
2415,30.73,34.74
2416,28.40,56.03
2417,22.95,41.62
2418,28.37,63.39
2419,14.32,28.15
2420,20.42,48.73
2421,15.95,55.57
2422,9.96,14.61
2423,26.19,51.67
2424,15.72,37.07
2425,34.01,108.75
2426,18.65,48.22
2427,17.28,28.93
2428,36.75,138.19
2429,14.92,39.22
2430,35.73,76.08
2431,26.43,70.05
2432,19.07,36.30
2433,28.00,57.11
2434,22.06,41.88
2435,22.61,23.40
2436,19.64,31.46
2437,34.30,102.41
2438,26.09,35.73
2439,24.89,49.79
2440,14.66,33.60
2441,11.73,22.61
2442,28.53,63.68
2443,16.21,17.74
2444,14.51,16.05
2445,20.36,20.52
2446,16.05,36.55
2447,10.38,27.83
2448,13.89,37.25
2449,33.91,84.62
2450,19.79,37.57
2451,23.59,47.63
2452,13.25,13.03
2453,37.74,109.37
2454,8.32,-3.09
2455,22.04,50.97
2456,27.81,61.62
2457,10.85,2.29
2458,16.49,146.07
2459,15.75,29.36
2460,18.92,35.28
2461,13.90,23.35
2462,20.69,37.01
2463,16.73,20.45
2464,12.34,39.38
2465,23.13,25.88
2466,28.37,59.92
2467,22.14,40.64
2468,20.50,34.02
2469,26.82,67.29
2470,13.52,26.83
2471,25.16,58.70
2472,34.66,83.77
2473,12.74,35.81
2474,17.89,31.37
2475,10.34,22.74
2476,10.26,4.94
2477,29.29,67.74
2478,29.77,57.56
2479,23.16,48.84
2480,31.07,53.26
2481,22.23,61.72
2482,26.18,41.99
2483,29.75,93.90
2484,27.55,55.79
2485,11.45,27.58
2486,15.20,38.49
2487,23.56,48.18
2488,21.98,54.44
2489,31.17,51.41
2490,13.90,5.56
2491,33.24,103.03
2492,23.10,48.28
2493,35.46,82.09
2494,16.63,36.11
2495,15.19,23.99
2496,17.46,36.76
2497,16.13,53.38
2498,19.78,47.13
2499,17.92,120.47
2500,19.35,27.79
2501,14.23,46.07
2502,25.20,42.41
2503,18.99,20.24
2504,35.36,72.99
2505,12.16,10.55
2506,20.00,65.29
2507,13.84,28.99
2508,17.49,56.46
2509,22.76,12.15
2510,26.22,48.91
2511,10.54,9.53
2512,27.26,51.43
2513,21.09,56.44
2514,14.24,37.33
2515,29.81,39.33
2516,13.33,21.55
2517,29.77,49.50
2518,26.80,64.21
2519,26.16,39.59
2520,11.61,-5.99
2521,21.70,54.02
2522,29.56,39.34
2523,31.77,86.02
2524,27.88,61.76
2525,17.41,24.85
2526,24.06,39.22
2527,32.57,61.62
2528,28.72,64.24
2529,13.16,41.32
2530,11.42,10.71
2531,20.06,34.28
2532,38.58,144.30
2533,26.50,44.74
2534,21.36,53.17
2535,20.92,47.98
2536,25.06,63.81
2537,34.89,136.72
2538,12.89,38.10
2539,17.75,31.42
2540,33.72,84.90
2541,22.67,46.72
2542,12.11,-4.93
2543,27.22,70.09
2544,16.07,21.20
2545,6.70,-9.55
2546,39.95,121.01
2547,19.58,40.16
2548,33.59,91.52
2549,13.52,40.73
2550,33.69,105.27
2551,8.59,2.46
2552,29.20,52.86
2553,37.81,156.40
2554,12.53,18.13
2555,34.48,120.29
2556,25.73,29.97
2557,26.56,87.79
2558,13.10,19.01
2559,14.08,36.47
2560,20.91,48.76
2561,23.58,20.70
2562,33.34,90.45
2563,27.03,57.17
2564,20.44,52.85
2565,15.35,36.32
2566,7.16,-10.50
2567,22.78,178.30
2568,18.84,55.74
2569,14.04,25.59
2570,28.70,71.89
2571,19.05,24.29
2572,35.21,90.99
2573,31.51,84.27
2574,24.22,61.42
2575,38.21,133.94
2576,10.68,18.77
2577,15.98,51.80
2578,31.70,74.38
2579,17.78,11.27
2580,11.96,51.18
2581,25.43,53.27
2582,19.57,50.23
2583,12.78,39.76
2584,22.51,69.68
2585,22.60,28.44
2586,30.27,64.04
2587,12.12,30.65
2588,19.16,28.80
2589,17.43,34.79
2590,31.59,61.87
2591,23.29,44.67
2592,18.61,32.78
2593,21.70,37.36
2594,16.96,36.07
2595,22.85,28.92
2596,28.41,58.38
2597,27.44,43.41
2598,18.40,34.02
2599,25.46,46.81
2600,20.53,49.51
2601,22.09,31.70
2602,24.31,40.61
2603,18.64,66.34
2604,8.63,-1.04
2605,23.97,44.31
2606,10.50,21.12
2607,11.73,21.44
2608,33.37,90.20
2609,12.94,7.19
2610,11.76,18.25
2611,27.78,46.81
2612,10.53,23.77
2613,28.12,50.51
2614,21.70,44.80
2615,20.23,26.19
2616,12.32,19.13
2617,31.31,66.09
2618,10.07,-2.80
2619,29.82,69.46
2620,26.50,53.55
2621,19.97,25.92
2622,17.32,19.32
2623,10.47,17.27
2624,23.72,38.89
2625,15.35,27.72
2626,20.43,35.27
2627,31.64,75.08
2628,21.17,15.61
2629,22.31,55.94
2630,17.35,29.73
2631,17.68,30.18
2632,5.10,-17.58
2633,22.56,42.18
2634,28.93,45.34
2635,23.35,41.87
2636,12.45,42.32
2637,19.05,50.74
2638,26.78,51.53
2639,21.48,52.51
2640,23.61,41.73
2641,19.25,30.01
2642,30.22,69.81
2643,33.55,109.77
2644,34.82,108.99
2645,13.77,33.00
2646,21.32,31.72
2647,30.53,81.89
2648,23.31,47.91
2649,31.49,84.57
2650,31.12,53.87
2651,18.35,42.91
2652,34.84,128.89
2653,30.83,74.11
2654,32.19,43.76
2655,11.42,29.82
2656,22.32,58.95
2657,23.11,39.18
2658,21.62,51.06
2659,16.78,18.36
2660,19.37,39.78
2661,8.91,20.55
2662,20.32,64.21
2663,29.93,55.99
2664,13.21,30.30
2665,23.83,39.02
2666,28.14,48.87
2667,18.12,31.93
2668,16.91,36.07
2669,24.32,46.18
2670,22.55,36.57
2671,21.02,23.26
2672,14.60,16.34
2673,35.08,118.69
2674,26.27,58.89
2675,12.63,15.04
2676,10.96,19.23
2677,30.34,61.49
2678,21.53,42.38
2679,19.18,53.28
2680,25.05,34.68
2681,14.43,40.40
2682,21.97,57.69
2683,13.21,19.92
2684,14.91,5.85
2685,13.63,38.85
2686,30.45,73.73
2687,34.29,104.10
2688,13.09,-0.05
2689,27.81,46.67
2690,37.87,129.39
2691,26.23,36.28
2692,24.22,25.13
2693,30.44,52.07
2694,22.96,38.06
2695,20.78,43.67
2696,25.72,36.13
2697,30.60,66.12
2698,13.18,40.98
2699,30.24,66.19
2700,28.04,50.54
2701,18.58,21.90
2702,22.32,28.46
2703,11.13,15.49
2704,13.57,31.22
2705,14.30,29.41
2706,22.76,41.44
2707,20.48,31.02
2708,18.07,21.34
2709,21.39,67.54
2710,29.57,88.93
2711,20.93,37.27
2712,22.82,37.18
2713,13.83,21.26
2714,16.02,42.12
2715,29.98,73.68
2716,12.99,34.85
2717,32.66,94.16
2718,15.66,31.74
2719,29.62,54.07
2720,17.48,28.28
2721,25.29,28.82
2722,16.44,19.31
2723,15.88,37.76
2724,33.83,121.76
2725,16.09,19.62
2726,14.79,40.16
2727,19.38,45.00
2728,15.86,16.92
2729,16.70,10.72
2730,22.30,59.62
2731,21.15,54.56
2732,15.89,37.11
2733,22.96,41.98
2734,13.01,28.01
2735,27.36,31.15
2736,15.12,36.99
2737,34.68,68.27
2738,15.25,45.24
2739,24.40,45.30
2740,19.53,48.51
2741,16.47,34.58
2742,31.31,55.85
2743,24.95,58.00
2744,9.86,20.56
2745,32.16,95.61
2746,12.49,16.30
2747,31.22,56.73
2748,18.85,27.99
2749,17.77,26.12
2750,9.82,39.41
2751,21.22,39.61
2752,10.45,24.88
2753,22.35,66.36
2754,24.97,44.03
2755,26.60,30.72
2756,14.11,38.90
2757,24.35,52.41
2758,28.28,65.23
2759,13.46,16.22
2760,32.81,71.82
2761,22.23,45.41
2762,15.53,40.03
2763,24.09,61.26
2764,23.72,60.73
2765,30.26,77.46
2766,19.58,45.10
2767,16.07,57.15
2768,20.93,35.22
2769,13.13,24.41
2770,24.44,54.95
2771,15.75,44.96
2772,9.21,15.21
2773,27.99,19.61
2774,9.24,17.79
2775,15.21,34.50
2776,20.90,44.87
2777,31.61,104.16
2778,33.10,57.29
2779,17.09,34.99
2780,22.71,23.22
2781,33.90,49.76
2782,25.71,31.17
2783,27.56,72.41
2784,28.54,35.37
2785,29.36,42.88
2786,30.26,69.00
2787,29.18,73.52
2788,22.49,61.77
2789,29.91,79.32
2790,31.50,68.61
2791,26.88,54.75
2792,22.64,32.81
2793,14.29,42.20
2794,33.00,81.89
2795,22.77,32.32
2796,17.48,26.45
2797,25.10,61.75
2798,24.75,65.26
2799,14.18,10.78
2800,21.85,40.86
2801,12.77,-2.57
2802,14.98,4.29
2803,28.57,78.28
2804,33.86,136.12
2805,36.66,108.47
2806,25.57,40.55
2807,33.17,95.20
2808,35.24,83.38
2809,31.34,63.67
2810,28.98,82.48
2811,25.90,60.84
2812,35.07,101.69
2813,29.09,69.84
2814,31.43,70.18
2815,14.25,18.86
2816,26.25,50.12
2817,24.64,29.37
2818,34.05,106.76
2819,18.76,43.52
2820,22.64,39.54
2821,23.34,49.06
2822,15.72,48.38
2823,26.57,58.48
2824,17.46,33.83
2825,28.19,63.46
2826,19.58,35.95
2827,35.26,97.19
2828,13.29,16.55
2829,17.69,41.29
2830,22.86,53.58
2831,12.19,31.66
2832,23.66,50.03
2833,27.28,62.17
2834,27.81,48.01
2835,25.05,42.90
2836,21.59,59.26
2837,7.50,4.97
2838,11.63,32.80
2839,34.81,61.09
2840,22.76,45.71
2841,21.99,69.55
2842,27.38,62.61
2843,29.90,62.34
2844,19.81,29.55
2845,28.46,36.02
2846,18.23,22.22
2847,22.51,57.82
2848,20.79,25.71
2849,27.40,36.99
2850,27.13,43.96
2851,29.45,54.18
2852,29.82,56.10
2853,36.06,127.90
2854,21.93,47.11
2855,15.11,12.52
2856,10.76,3.24
2857,22.14,47.99
2858,22.17,50.67
2859,30.50,91.89
2860,10.06,4.32
2861,32.67,86.71
2862,22.98,30.14
2863,19.55,47.78
2864,17.43,31.46
2865,28.46,75.65
2866,13.06,32.22
2867,25.90,40.58
2868,23.91,31.47
2869,12.86,32.36
2870,31.06,94.08
2871,22.90,43.34
2872,23.18,43.57
2873,20.69,42.18
2874,12.32,31.05
2875,26.18,64.91
2876,14.33,32.71
2877,12.49,7.74
2878,24.88,47.57
2879,30.16,61.85
2880,34.04,125.34
2881,12.77,15.44
2882,19.01,49.30
2883,25.52,72.69
2884,27.40,64.16
2885,24.72,32.06
2886,16.93,29.67
2887,22.63,32.88
2888,22.66,37.37
2889,20.14,44.92
2890,34.80,82.13
2891,24.14,61.17
2892,16.77,28.55
2893,32.58,86.48
2894,21.18,49.82
2895,19.62,46.98
2896,13.29,37.56
2897,33.53,113.68
2898,18.76,20.43
2899,18.54,33.05
2900,19.59,37.48
2901,27.39,51.91
2902,33.99,124.14
2903,20.22,38.17
2904,26.55,66.97
2905,34.66,93.84
2906,24.13,49.00
2907,11.10,28.08
2908,12.14,27.26
2909,12.52,22.88
2910,27.72,60.30
2911,21.24,30.89
2912,14.02,16.66
2913,11.29,11.06
2914,13.93,45.90
2915,14.14,17.13
2916,11.04,33.72
2917,12.76,2.41
2918,19.84,21.22
2919,23.97,51.10
2920,25.27,67.21
2921,20.14,24.86
2922,19.37,25.98
2923,32.31,48.54
2924,20.00,16.67
2925,13.59,37.91
2926,27.34,41.17
2927,8.97,16.97
2928,20.51,34.99
2929,14.23,57.60
2930,32.94,81.59
2931,27.52,65.65
2932,24.97,50.04
2933,27.97,43.12
2934,28.72,48.25
2935,25.15,45.44
2936,22.66,42.03
2937,21.85,31.52
2938,27.73,46.95
2939,22.86,33.08
2940,11.92,19.75
2941,28.13,63.72
2942,21.83,56.29
2943,23.77,38.60
2944,15.18,28.29
2945,33.10,58.20
2946,35.61,85.46
2947,12.97,37.72
2948,8.89,3.26
2949,25.82,59.75
2950,30.44,79.38
2951,11.90,14.81
2952,5.79,-11.81
2953,32.96,70.83
2954,23.64,40.89
2955,23.96,38.50
2956,10.76,-1.19
2957,11.85,41.76
2958,26.05,64.61
2959,26.36,57.65
2960,34.73,61.40
2961,23.99,51.10
2962,24.65,55.70
2963,32.90,87.45
2964,13.14,45.13
2965,16.93,29.94
2966,33.89,94.68
2967,13.88,35.40
2968,17.24,47.52
2969,25.27,52.31
2970,18.28,51.82
2971,33.39,103.97
2972,18.84,47.53
2973,18.78,27.09
2974,24.42,26.57
2975,16.61,48.48
2976,33.66,84.47
2977,12.66,14.14
2978,19.11,31.70
2979,27.84,63.30
2980,24.77,64.36
2981,12.98,44.83
2982,24.04,54.02
2983,24.87,37.97
2984,21.24,29.28
2985,18.96,34.86
2986,24.97,47.87
2987,26.81,44.96
2988,35.63,88.53
2989,27.27,62.65
2990,7.70,2.98
2991,28.58,41.98
2992,25.62,55.50
2993,9.94,21.27
2994,16.57,38.46
2995,14.16,-3.45
2996,27.88,56.04
2997,23.35,9.64
2998,27.56,73.89
2999,21.88,52.94
3000,32.89,49.53
3001,9.34,35.44
3002,30.77,46.01
3003,24.67,40.74
3004,19.02,35.82
3005,20.46,37.45
3006,21.53,52.54
3007,34.82,130.53
3008,13.02,10.26
3009,28.98,41.31
3010,14.64,37.84
3011,29.01,64.43
3012,26.13,48.44
3013,19.62,47.23
3014,11.24,38.00
3015,13.11,19.40
3016,23.32,37.95
3017,24.65,55.43
3018,8.44,5.90
3019,7.18,2.32
3020,25.52,62.67
3021,22.66,31.65
3022,16.29,34.92
3023,16.21,32.57
3024,24.23,40.06
3025,21.88,43.25
3026,19.84,38.64
3027,12.84,14.69
3028,22.98,36.19
3029,9.70,-16.05
3030,11.99,37.38
3031,10.36,43.60
3032,10.04,17.10
3033,23.92,15.71
3034,28.88,76.50
3035,13.16,23.89
3036,16.57,31.88
3037,10.48,28.57
3038,35.13,112.67
3039,18.28,26.42
3040,31.79,80.12
3041,11.40,12.63
3042,26.65,46.16
3043,20.98,51.10
3044,22.57,60.69
3045,24.74,38.42
3046,20.56,62.19
3047,16.96,32.01
3048,35.94,131.22
3049,21.05,40.04
3050,32.40,72.94
3051,37.74,165.28
3052,20.85,26.59
3053,32.56,92.32
3054,27.97,66.30
3055,11.32,17.30
3056,13.84,14.11
3057,10.85,20.35
3058,8.91,4.47
3059,13.31,20.34
3060,24.23,53.77
3061,23.92,47.60
3062,35.31,102.72
3063,13.93,8.61
3064,30.50,59.88
3065,12.38,5.67
3066,20.88,47.17
3067,19.26,42.02
3068,20.16,56.29
3069,33.53,94.84
3070,15.53,23.18
3071,19.51,47.66
3072,18.26,46.01
3073,32.86,65.54
3074,13.00,24.25
3075,12.92,41.01
3076,28.11,37.03
3077,26.85,39.95
3078,16.05,58.65
3079,19.95,35.84
3080,12.34,34.75
3081,13.93,35.21
3082,25.59,21.69
3083,25.47,59.53
3084,22.60,71.82
3085,13.06,53.29
3086,14.52,18.44
3087,14.40,29.74
3088,11.22,21.67
3089,19.57,23.28
3090,28.67,64.03
3091,17.73,13.75
3092,29.21,46.22
3093,13.30,14.84
3094,25.27,27.90
3095,23.42,21.41
3096,33.85,77.29
3097,30.26,46.85
3098,31.86,53.24
3099,20.27,26.12
3100,14.56,45.75
3101,35.48,71.85
3102,32.80,85.37
3103,11.49,22.31
3104,20.30,60.44
3105,28.62,53.11
3106,19.70,32.05
3107,36.65,122.72
3108,38.99,135.78
3109,7.02,8.90
3110,12.12,26.83
3111,11.66,35.88
3112,13.50,21.74
3113,8.93,16.17
3114,25.94,35.23
3115,22.42,47.43
3116,14.21,17.88
3117,30.49,64.63
3118,23.57,42.10
3119,16.99,26.04
3120,19.22,47.70
3121,16.72,12.12
3122,19.94,26.62
3123,20.44,33.17
3124,32.54,83.29
3125,8.03,-10.52
3126,13.85,29.76
3127,21.48,34.28
3128,17.30,24.23
3129,29.34,45.43
3130,25.24,48.37
3131,10.63,42.18
3132,31.86,80.35
3133,40.12,136.61
3134,17.90,39.69
3135,15.15,17.46
3136,27.20,143.72
3137,19.87,38.46
3138,13.70,39.07
3139,18.88,35.25
3140,14.90,50.76
3141,12.99,34.71
3142,14.19,30.03
3143,17.10,34.04
3144,15.87,41.20
3145,24.06,43.94
3146,31.78,71.59
3147,23.16,69.79
3148,19.66,47.83
3149,27.51,36.52
3150,22.27,48.89
3151,28.19,60.94
3152,27.18,52.53
3153,32.38,71.78
3154,11.90,12.24
3155,27.81,68.42
3156,29.63,56.29
3157,24.48,41.05
3158,17.00,56.71
3159,23.11,49.26
3160,38.81,105.57
3161,15.47,28.95
3162,30.89,55.56
3163,19.02,51.85
3164,9.46,1.93
3165,22.52,42.01
3166,27.56,44.57
3167,31.47,80.74
3168,20.13,51.83
3169,17.64,27.99
3170,8.43,10.95
3171,13.69,36.70
3172,12.97,11.12
3173,13.61,41.12
3174,21.53,51.17
3175,21.68,53.94
3176,24.77,39.19
3177,28.80,75.30
3178,19.92,31.16
3179,34.89,118.60
3180,32.31,107.50
3181,35.07,127.48
3182,21.60,50.22
3183,21.70,70.94
3184,28.55,72.18
3185,31.10,49.63
3186,22.05,35.21
3187,13.65,31.15
3188,28.12,43.39
3189,16.45,60.38
3190,15.25,29.48
3191,32.38,68.57
3192,22.67,40.60
3193,18.14,33.61
3194,8.22,0.73
3195,14.29,23.10
3196,16.30,34.10
3197,19.55,43.05
3198,20.53,25.00
3199,12.02,14.42
3200,37.35,95.51
3201,19.34,37.34
3202,18.81,45.57
3203,31.87,68.34
3204,34.21,113.29
3205,26.09,27.14
3206,13.81,37.54
3207,12.42,22.60
3208,17.38,34.72
3209,34.03,65.89
3210,13.67,10.15
3211,13.52,33.29
3212,25.18,31.10
3213,22.67,39.77
3214,30.35,89.45
3215,17.20,56.56
3216,11.40,5.62
3217,17.77,26.41
3218,11.04,5.17
3219,23.21,38.88
3220,31.68,48.54
3221,10.61,19.25
3222,35.70,92.15
3223,26.00,41.89
3224,20.16,49.74
3225,27.94,26.30
3226,16.50,19.03
3227,22.31,59.40
3228,20.72,41.04
3229,11.90,20.20
3230,9.13,8.72
3231,31.20,37.56
3232,17.53,12.88
3233,24.63,42.11
3234,11.51,25.22
3235,26.01,56.28
3236,12.68,5.47
3237,12.58,24.68
3238,29.47,58.77
3239,10.48,12.25
3240,23.64,49.17
3241,20.98,46.77
3242,25.80,44.14
3243,28.90,59.90
3244,26.75,48.83
3245,25.70,70.28
3246,9.30,-26.47
3247,26.07,39.07
3248,27.82,67.88
3249,14.04,21.70
3250,17.03,18.34
3251,33.77,87.85
3252,14.57,33.49
3253,27.29,53.41
3254,30.58,40.51
3255,21.17,49.67
3256,17.52,40.63
3257,22.23,52.24
3258,27.61,46.27
3259,12.21,5.89
3260,26.58,60.21
3261,32.15,55.86
3262,18.80,33.49
3263,25.97,50.00
3264,14.84,45.75
3265,13.65,19.30
3266,22.00,45.22
3267,12.67,22.34
3268,18.16,4.04
3269,11.22,29.68
3270,29.40,59.01
3271,26.65,59.57
3272,16.90,10.53
3273,21.75,28.37
3274,30.14,67.51
3275,28.05,34.81
3276,18.53,26.39
3277,16.44,46.85
3278,22.26,34.15
3279,28.36,80.89
3280,16.59,42.98
3281,39.01,114.20
3282,13.06,28.91
3283,13.33,25.45
3284,11.45,26.50
3285,24.73,47.57
3286,30.14,83.08
3287,19.62,35.40
3288,35.34,118.46
3289,24.96,51.46
3290,18.19,21.41
3291,18.53,40.50
3292,25.10,65.94
3293,13.80,13.04
3294,20.54,46.94
3295,15.57,40.12
3296,19.68,63.07
3297,29.35,64.28
3298,8.97,15.63
3299,20.51,24.93
3300,30.29,44.96
3301,28.95,28.99
3302,13.15,27.85
3303,37.46,121.87
3304,20.36,33.84
3305,28.43,51.42
3306,19.08,25.90
3307,23.99,43.85
3308,6.59,-26.22
3309,21.88,34.33
3310,21.69,42.74
3311,26.42,25.43
3312,14.81,44.55
3313,35.46,92.18
3314,16.43,9.67
3315,27.44,59.84
3316,20.49,29.68
3317,28.02,47.55
3318,10.44,23.54
3319,15.01,32.66
3320,22.53,57.00
3321,20.61,41.26
3322,21.98,41.11
3323,16.59,22.22
3324,34.29,99.50
3325,11.96,24.59
3326,30.41,45.28
3327,22.99,48.06
3328,16.70,28.69
3329,20.93,54.87
3330,23.94,32.51
3331,12.50,17.17
3332,36.11,124.37
3333,25.42,42.35
3334,18.85,38.71
3335,28.47,62.86
3336,36.09,92.56
3337,23.97,41.83
3338,30.61,88.47
3339,33.11,77.57
3340,12.24,20.63
3341,12.07,24.97
3342,31.64,95.00
3343,22.93,51.29
3344,13.06,51.14
3345,15.09,38.20
3346,29.45,62.78
3347,13.63,27.93
3348,6.31,-11.52
3349,15.08,26.30
3350,24.19,56.13
3351,9.83,16.74
3352,24.14,36.91
3353,34.09,81.89
3354,29.80,71.82
3355,23.65,45.00
3356,10.62,11.52
3357,30.32,75.50
3358,27.33,73.61
3359,22.54,49.02
3360,20.25,40.88
3361,27.86,61.01
3362,19.95,42.21
3363,26.86,68.08
3364,23.74,50.10
3365,27.63,78.23
3366,12.32,32.18
3367,25.32,58.79
3368,18.99,49.18
3369,14.59,12.13
3370,18.34,49.60
3371,23.56,56.81
3372,13.52,39.18
3373,17.69,31.72
3374,34.95,74.52
3375,22.84,35.62
3376,15.98,25.71
3377,24.81,38.64
3378,15.83,39.40
3379,28.48,54.26
3380,24.66,29.27
3381,19.75,44.97
3382,8.13,-15.54
3383,22.01,35.61
3384,37.42,103.99
3385,22.09,51.22
3386,26.97,55.90
3387,33.72,111.27
3388,22.97,34.96
3389,15.73,20.04
3390,26.58,42.68
3391,32.66,83.24
3392,17.84,26.51
3393,14.65,13.49
3394,9.02,93.99
3395,30.38,69.07
3396,20.41,39.83
3397,24.72,64.83
3398,15.19,16.05
3399,15.28,37.04
3400,28.46,54.84
3401,13.47,16.97
3402,22.37,36.17
3403,29.48,73.46
3404,30.03,44.36
3405,11.58,3.86
3406,37.47,84.31
3407,21.63,68.90
3408,12.63,48.35
3409,30.26,58.38
3410,18.07,29.55
3411,9.23,7.34
3412,11.08,6.11
3413,34.61,111.74
3414,30.03,54.93
3415,28.70,64.52
3416,28.21,48.07
3417,21.86,59.58
3418,22.95,53.17
3419,19.85,30.66
3420,11.62,16.77
3421,21.06,45.11
3422,18.91,46.41
3423,29.33,66.03
3424,29.22,43.40
3425,27.51,40.06
3426,8.19,-6.73
3427,26.91,37.19
3428,10.11,23.30
3429,10.70,27.34
3430,19.71,35.65
3431,35.60,92.46
3432,38.22,100.05
3433,14.42,38.66
3434,16.05,40.47
3435,22.37,44.63
3436,8.20,6.73
3437,21.57,43.21
3438,24.32,31.18
3439,22.90,55.33
3440,26.64,21.47
3441,6.38,-5.79
3442,20.42,38.25
3443,20.78,36.41
3444,11.53,14.65
3445,25.89,20.25
3446,27.59,21.17
3447,18.95,47.01
3448,16.58,38.85
3449,11.22,42.26
3450,13.98,35.26
3451,17.45,24.81
3452,22.86,28.03
3453,8.35,-11.96
3454,23.90,22.65
3455,26.18,51.79
3456,12.90,16.75
3457,11.27,23.18
3458,32.41,64.56
3459,14.15,34.38
3460,20.29,31.58
3461,25.35,33.35
3462,24.04,28.41
3463,22.30,46.12
3464,34.31,98.46
3465,14.94,16.98
3466,29.70,82.65
3467,15.70,26.05
3468,22.98,42.17
3469,24.18,46.62
3470,17.83,60.33
3471,26.08,58.09
3472,17.61,26.05
3473,7.90,0.88
3474,19.38,42.56
3475,31.38,94.86
3476,27.96,48.72
3477,19.63,60.99
3478,18.68,58.88
3479,17.29,34.91
3480,21.81,42.95
3481,28.72,18.50
3482,18.33,38.50
3483,19.91,22.58
3484,29.14,51.59
3485,9.24,15.22
3486,16.94,32.72
3487,12.35,5.17
3488,18.73,39.61
3489,23.34,30.62
3490,23.06,20.18
3491,15.44,38.70
3492,12.16,1.92
3493,9.83,7.13
3494,18.88,19.31
3495,15.74,44.44
3496,13.55,36.61
3497,28.83,49.67
3498,10.89,23.46
3499,33.57,102.20
3500,34.01,79.01
3501,25.66,52.15
3502,28.14,54.85
3503,11.08,25.41
3504,26.76,47.27
3505,13.53,9.63
3506,23.62,46.27
3507,8.86,-7.09
3508,24.42,27.84
3509,33.52,65.33
3510,8.00,2.52
3511,27.40,44.64
3512,29.20,41.58
3513,23.10,52.29
3514,26.95,33.32
3515,10.34,32.36
3516,27.36,56.90
3517,9.86,22.63
3518,36.23,116.59
3519,36.76,132.74
3520,35.18,100.36
3521,10.97,14.10
3522,27.53,65.06
3523,16.84,28.35
3524,21.46,44.83
3525,12.81,18.67
3526,18.03,37.58
3527,37.87,109.04
3528,21.28,50.43
3529,23.84,64.12
3530,17.15,30.72
3531,14.30,24.41
3532,29.06,115.26
3533,34.55,86.30
3534,10.10,11.84
3535,11.95,-5.93
3536,30.91,59.35
3537,16.32,39.44
3538,17.70,52.95
3539,21.15,58.47
3540,26.02,65.92
3541,24.28,51.91
3542,18.12,33.45
3543,24.54,56.31
3544,24.76,52.65
3545,21.28,39.73
3546,20.03,21.98
3547,22.61,55.18
3548,34.78,118.36
3549,16.87,13.79
3550,14.34,17.16
3551,15.44,34.75
3552,9.64,13.15
3553,24.63,44.65
3554,30.99,82.74
3555,32.55,96.16
3556,30.11,91.46
3557,15.69,42.48
3558,10.63,42.87
3559,34.38,84.84
3560,9.98,1.13
3561,16.73,31.43
3562,15.01,36.67
3563,20.46,39.45
3564,23.10,45.30
3565,27.92,60.71
3566,27.04,76.95
3567,38.34,103.30
3568,20.07,33.87
3569,25.88,23.28
3570,30.22,81.15
3571,15.92,14.70
3572,19.25,58.37
3573,19.73,50.25
3574,26.19,39.31
3575,29.36,61.74
3576,14.67,35.43
3577,22.19,22.58
3578,22.65,35.03
3579,26.75,49.31
3580,8.77,26.38
3581,17.09,16.90
3582,30.45,85.32
3583,26.61,32.32
3584,22.74,55.77
3585,14.72,45.82
3586,27.69,67.75
3587,12.69,39.15
3588,31.09,105.92
3589,15.03,29.65
3590,12.32,32.31
3591,17.47,34.93
3592,32.47,88.12
3593,32.48,93.84
3594,13.89,20.18
3595,11.11,19.72
3596,13.76,61.41
3597,20.71,36.82
3598,17.86,27.85
3599,25.58,31.33
3600,23.80,46.33
3601,17.59,33.99
3602,31.85,63.67
3603,25.26,55.26
3604,33.79,88.24
3605,10.85,7.46
3606,15.27,25.62
3607,12.50,13.12
3608,26.01,59.70
3609,19.34,38.47
3610,11.75,16.00
3611,30.01,48.41
3612,9.56,13.97
3613,24.58,71.74
3614,20.45,62.04
3615,21.48,37.80
3616,19.64,26.90
3617,37.86,167.55
3618,28.88,37.94
3619,12.39,27.17
3620,32.02,88.49
3621,13.77,23.64
3622,16.05,31.61
3623,24.60,65.64
3624,26.69,61.76
3625,18.03,31.79
3626,15.30,18.48
3627,17.59,30.79
3628,15.71,25.71
3629,12.72,22.02
3630,14.71,52.32
3631,23.55,38.24
3632,18.90,15.78
3633,30.44,68.34
3634,12.17,11.66
3635,18.84,39.94
3636,29.74,56.30
3637,13.62,31.34
3638,12.15,-8.31
3639,25.37,15.15
3640,16.33,27.66
3641,25.91,64.70
3642,14.67,31.24
3643,19.55,38.27
3644,32.36,74.85
3645,11.28,38.09
3646,22.62,27.15
3647,6.82,12.43
3648,26.50,82.77
3649,21.33,34.75
3650,24.00,57.37
3651,12.92,35.56
3652,20.86,46.64
3653,13.00,19.60
3654,15.15,17.51
3655,12.83,26.71
3656,35.52,109.95
3657,30.75,61.23
3658,19.43,38.29
3659,11.50,7.95
3660,20.98,39.90
3661,23.65,30.17
3662,17.87,58.41
3663,31.38,87.79
3664,26.78,51.16
3665,15.32,16.82
3666,11.50,18.72
3667,17.55,73.84
3668,8.00,23.49
3669,14.52,30.81
3670,13.35,30.47
3671,16.15,21.13
3672,25.49,58.13
3673,14.08,49.42
3674,9.32,-12.84
3675,16.55,34.36
3676,27.29,62.56
3677,21.83,45.80
3678,28.25,80.48
3679,30.85,91.69
3680,17.30,49.46
3681,32.56,59.44
3682,22.76,61.39
3683,28.03,51.51
3684,27.96,62.63
3685,9.49,43.36
3686,24.62,53.43
3687,12.00,37.07
3688,15.14,37.35
3689,30.58,77.09
3690,26.48,51.35
3691,10.51,20.38
3692,25.81,72.65
3693,18.56,33.63
3694,18.77,11.87
3695,28.43,67.47
3696,30.22,89.04
3697,12.95,35.41
3698,21.00,39.03
3699,23.78,49.09
3700,35.99,90.61
3701,22.89,55.28
3702,26.13,45.55
3703,21.21,6.86
3704,11.64,16.50
3705,26.33,52.71
3706,27.29,61.27
3707,30.26,49.26
3708,22.73,37.09
3709,19.86,42.83
3710,27.18,54.89
3711,16.11,14.77
3712,21.29,34.64
3713,14.98,5.40
3714,16.35,25.06
3715,20.41,65.66
3716,20.38,27.69
3717,11.27,7.23
3718,24.11,53.72
3719,15.66,15.33
3720,27.31,45.41
3721,15.18,24.71
3722,17.60,28.50
3723,14.21,10.31
3724,12.15,22.53
3725,28.25,68.08
3726,32.17,81.04
3727,19.86,54.23
3728,17.10,42.31
3729,21.14,30.29
3730,23.77,26.55
3731,28.22,64.67
3732,31.98,55.54
3733,24.87,55.22
3734,20.89,58.71
3735,28.94,69.79
3736,22.48,54.13
3737,19.54,45.05
3738,6.74,-9.41
3739,30.30,77.55
3740,21.84,47.82
3741,23.50,38.18
3742,21.00,27.53
3743,30.05,63.47
3744,21.92,63.98
3745,32.37,52.09
3746,29.94,64.10
3747,30.66,62.22
3748,29.48,65.45
3749,36.98,123.61
3750,32.70,80.20
3751,21.06,32.53
3752,19.53,59.89
3753,12.90,16.47
3754,27.60,37.03
3755,15.55,41.75
3756,19.00,46.81
3757,36.91,115.58
3758,24.42,36.80
3759,18.46,47.14
3760,12.99,20.27
3761,14.96,20.23
3762,32.54,102.96
3763,14.73,12.92
3764,15.05,37.28
3765,6.59,19.30
3766,31.87,71.58
3767,17.65,38.43
3768,36.76,135.98
3769,29.45,66.47
3770,34.33,103.00
3771,15.69,32.66
3772,19.28,39.14
3773,21.85,54.82
3774,18.98,26.13
3775,22.83,54.69
3776,30.18,68.28
3777,18.78,47.61
3778,20.85,25.11
3779,32.90,87.82
3780,20.94,43.38
3781,32.06,82.69
3782,32.01,93.74
3783,21.68,42.18
3784,17.94,40.53
3785,27.95,82.81
3786,28.87,42.61
3787,30.41,59.54
3788,15.81,39.22
3789,24.41,40.30
3790,28.79,49.25
3791,21.17,24.51
3792,26.43,56.08
3793,18.82,10.61
3794,21.13,45.35
3795,19.20,38.14
3796,20.18,37.03
3797,10.35,26.97
3798,17.27,19.27
3799,33.91,95.21
3800,22.04,42.24
3801,10.26,36.60
3802,32.22,86.44
3803,12.50,38.47
3804,22.96,65.57
3805,11.34,24.32
3806,19.79,40.35
3807,28.39,46.80
3808,15.19,41.32
3809,31.24,68.63
3810,22.01,36.13
3811,36.16,118.11
3812,29.31,49.69
3813,38.97,153.12
3814,26.77,45.05
3815,27.37,60.33
3816,10.26,31.33
3817,20.79,48.23
3818,28.27,30.86
3819,29.36,87.91
3820,12.86,22.25
3821,7.84,3.20
3822,28.00,32.45
3823,24.13,46.40
3824,15.15,33.40
3825,18.38,31.43
3826,12.83,19.26
3827,30.65,79.61
3828,29.97,48.34
3829,30.36,73.97
3830,26.80,25.15
3831,31.52,65.64
3832,16.93,32.43
3833,23.08,25.65
3834,12.54,39.11
3835,35.21,86.46
3836,10.14,18.87
3837,27.83,49.23
3838,31.05,37.40
3839,22.75,55.27
3840,32.69,84.36
3841,36.96,103.21
3842,17.01,53.75
3843,11.68,15.68
3844,11.08,23.07
3845,10.06,-5.85
3846,10.71,14.74
3847,34.97,107.93
3848,29.89,63.84
3849,31.52,31.07
3850,31.07,65.70
3851,11.17,31.78
3852,26.83,37.81
3853,25.79,59.50
3854,21.24,33.57
3855,26.26,54.81
3856,12.67,27.44
3857,22.35,33.70
3858,24.82,52.89
3859,15.24,35.67
3860,23.32,51.39
3861,9.68,12.16
3862,26.01,55.86
3863,32.50,93.14
3864,13.05,19.02
3865,30.40,87.56
3866,14.22,26.41
3867,36.01,84.18
3868,18.02,58.11
3869,22.85,36.26
3870,31.29,67.37
3871,12.00,20.52
3872,12.15,17.16
3873,26.48,50.15
3874,33.93,101.86
3875,20.65,32.67
3876,27.33,36.58
3877,21.51,45.60
3878,30.10,66.17
3879,40.09,103.36
3880,37.79,110.88
3881,32.60,84.88
3882,21.91,26.07
3883,30.27,59.66
3884,18.62,34.83
3885,17.79,-0.61
3886,17.89,45.30
3887,33.30,92.44
3888,27.84,58.14
3889,30.84,98.73
3890,26.24,59.26
3891,9.71,13.23
3892,20.95,57.59
3893,26.13,32.48
3894,27.77,42.05
3895,21.66,35.43
3896,18.74,12.05
3897,23.87,38.87
3898,30.65,68.10
3899,32.64,74.06
3900,20.83,26.57
3901,31.23,91.77
3902,25.89,55.50
3903,17.41,23.95
3904,33.29,104.20
3905,15.38,21.19
3906,11.53,39.48
3907,32.40,78.42
3908,27.55,34.77
3909,14.18,32.44
3910,18.17,39.54
3911,24.81,64.53
3912,19.19,39.42
3913,24.82,53.01
3914,23.85,41.00
3915,17.96,39.42
3916,14.04,37.94
3917,23.22,46.40
3918,21.94,21.45
3919,26.56,62.93
3920,7.75,-9.68
3921,27.66,58.12
3922,18.18,23.35
3923,19.50,6.73
3924,11.89,15.38
3925,18.27,20.79
3926,18.87,51.07
3927,24.55,27.08
3928,22.99,39.83
3929,26.32,43.79
3930,29.59,65.77
3931,30.88,87.45
3932,16.80,39.80
3933,8.05,6.74
3934,14.58,29.18
3935,32.25,49.87
3936,28.12,51.11
3937,31.51,89.36
3938,11.68,14.96
3939,11.59,10.70
3940,12.27,25.93
3941,6.94,-25.85
3942,18.19,28.52
3943,26.14,46.57
3944,30.40,78.28
3945,18.17,27.80
3946,20.11,20.23
3947,29.52,57.48
3948,32.66,89.13
3949,13.49,20.11
3950,17.61,15.60
3951,32.92,102.15
3952,25.96,42.91
3953,31.30,61.71
3954,20.39,58.75
3955,16.88,28.20
3956,19.05,30.39
3957,10.08,18.78
3958,28.79,52.10
3959,24.66,63.41
3960,24.01,62.12
3961,16.28,35.13
3962,26.40,39.04
3963,10.48,20.55
3964,17.73,40.70
3965,30.40,58.97
3966,14.88,13.57
3967,28.90,57.55
3968,11.56,35.92
3969,29.16,66.71
3970,21.90,40.67
3971,14.13,46.28
3972,15.37,32.94
3973,33.64,70.47
3974,19.61,26.49
3975,10.33,31.63
3976,23.41,27.95
3977,19.78,42.80
3978,14.22,28.18
3979,20.05,32.75
3980,12.62,9.83
3981,16.17,37.80
3982,24.21,42.50
3983,18.53,28.58
3984,15.29,24.71
3985,30.36,66.87
3986,28.04,57.17
3987,17.01,44.61
3988,25.03,70.33
3989,29.79,77.98
3990,30.02,73.79
3991,27.92,59.68
3992,17.44,39.74
3993,27.91,67.10
3994,20.43,58.46
3995,5.90,-32.79
3996,20.74,37.14
3997,32.48,43.74
3998,16.15,57.45
3999,18.32,38.53
4000,29.28,86.97
4001,25.60,36.53
4002,26.04,60.55
4003,29.24,54.11
4004,16.10,32.14
4005,32.93,73.68
4006,7.16,-11.10
4007,24.48,55.07
4008,31.97,78.70
4009,30.44,34.75
4010,21.24,46.05
4011,16.80,38.81
4012,23.68,59.23
4013,34.71,94.99
4014,21.47,52.45
4015,24.00,63.48
4016,19.60,27.76
4017,18.92,33.22
4018,23.18,33.46
4019,25.22,61.74
4020,30.03,52.21
4021,26.26,81.55
4022,14.76,27.57
4023,12.00,15.60
4024,22.38,37.00
4025,22.96,64.79
4026,34.95,103.71
4027,26.39,80.57
4028,14.20,17.77
4029,34.04,89.43
4030,29.50,57.45
4031,23.68,34.36
4032,36.69,102.15
4033,22.26,48.11
4034,19.50,47.93
4035,18.67,27.42
4036,12.03,28.44
4037,38.87,150.23
4038,18.31,44.28
4039,29.91,66.10
4040,26.51,58.43
4041,9.47,8.57
4042,6.93,-0.18
4043,28.71,65.51
4044,9.92,4.21
4045,24.24,36.51
4046,25.79,54.52
4047,17.23,53.19
4048,12.71,29.94
4049,21.42,38.71
4050,16.41,32.17
4051,26.15,30.36
4052,25.98,46.75
4053,22.61,59.92
4054,23.30,64.26
4055,17.55,41.41
4056,13.06,28.34
4057,19.11,7.08
4058,12.49,18.55
4059,20.07,27.67
4060,15.59,15.32
4061,8.68,17.00
4062,22.26,38.94
4063,10.63,37.83
4064,13.03,19.35
4065,22.18,51.49
4066,29.06,39.67
4067,32.59,64.64
4068,25.10,69.17
4069,14.49,35.52
4070,33.84,63.67
4071,21.74,43.47
4072,10.10,10.08
4073,19.37,36.06
4074,31.42,62.62
4075,12.21,16.52
4076,22.43,58.39
4077,12.11,51.68
4078,20.30,54.56
4079,28.12,57.82
4080,14.65,25.36
4081,19.94,32.86
4082,23.08,53.90
4083,20.78,27.71
4084,24.82,70.76
4085,16.69,40.60
4086,12.64,-3.09
4087,25.65,58.18
4088,13.60,21.72
4089,39.42,137.98
4090,28.46,46.21
4091,14.50,44.28
4092,25.87,48.82
4093,11.48,22.72
4094,12.00,27.14
4095,6.74,-10.97
4096,16.59,18.22
4097,26.36,26.10
4098,24.67,60.91
4099,17.24,34.18
4100,20.92,48.68
4101,27.59,72.48
4102,14.52,29.03
4103,29.67,72.08
4104,12.96,5.89
4105,27.76,60.59
4106,21.88,35.28
4107,12.79,39.69
4108,15.62,26.46
4109,21.69,29.45
4110,11.54,28.35
4111,18.53,40.07
4112,22.54,52.60
4113,9.31,23.32
4114,19.32,29.26
4115,29.04,64.80
4116,27.51,55.53
4117,19.27,26.59
4118,22.84,35.83
4119,30.37,74.95
4120,20.06,49.21
4121,15.84,25.27
4122,33.98,50.04
4123,9.68,8.18
4124,22.18,39.58
4125,32.72,75.24
4126,18.58,41.07
4127,10.87,-4.38
4128,6.80,-14.81
4129,8.69,-24.85
4130,25.95,53.27
4131,31.02,76.34
4132,22.23,33.48
4133,16.58,35.70
4134,25.71,44.02
4135,27.62,50.58
4136,14.77,30.95
4137,24.02,9.00
4138,15.92,25.38
4139,22.58,50.52
4140,29.06,61.95
4141,28.83,67.21
4142,20.69,35.32
4143,17.08,34.07
4144,14.40,30.98
4145,11.50,14.78
4146,31.69,77.53
4147,28.90,75.62
4148,28.66,45.01
4149,13.38,30.40
4150,21.02,33.22
4151,22.25,59.75
4152,15.29,33.43
4153,15.46,28.66
4154,20.66,31.13
4155,22.67,42.81
4156,21.03,53.00
4157,34.52,100.62
4158,12.61,36.47
4159,9.22,22.68
4160,18.57,28.91
4161,7.89,6.10
4162,16.26,21.78
4163,36.49,105.01
4164,13.87,21.58
4165,23.75,58.89
4166,17.41,32.69
4167,15.16,34.68
4168,9.09,-1.15
4169,24.04,48.95
4170,33.67,117.82
4171,13.76,23.78
4172,9.97,16.02
4173,30.82,99.10
4174,21.03,18.48
4175,27.04,35.65
4176,20.18,30.77
4177,13.05,24.80
4178,11.08,14.69
4179,10.19,11.91
4180,21.34,39.09
4181,32.08,94.09
4182,34.84,93.08
4183,15.85,38.16
4184,19.65,88.90
4185,24.71,65.20
4186,24.21,43.26
4187,19.74,33.62
4188,13.09,33.11
4189,29.10,78.01
4190,13.65,16.01
4191,22.87,40.54
4192,28.56,67.55
4193,11.01,-3.31
4194,31.37,63.91
4195,10.23,9.81
4196,32.97,78.91
4197,21.77,54.42
4198,11.42,17.37
4199,24.82,47.92
4200,12.99,7.56
4201,13.71,12.31
4202,13.38,26.41
4203,10.82,56.88
4204,8.90,11.96
4205,8.14,12.35
4206,35.37,74.87
4207,14.77,40.33
4208,34.81,95.65
4209,17.32,36.54
4210,18.47,29.58
4211,19.12,47.37
4212,15.84,26.32
4213,12.22,34.05
4214,21.82,45.70
4215,24.58,71.45
4216,31.28,83.74
4217,21.66,44.12
4218,23.98,34.07
4219,6.68,-19.49
4220,18.61,44.53
4221,34.96,80.08
4222,24.27,55.30
4223,11.31,23.62
4224,23.84,61.85
4225,18.27,29.09
4226,12.62,27.35
4227,13.42,18.13
4228,28.46,64.50
4229,16.24,34.65
4230,24.84,41.79
4231,14.15,30.90
4232,10.63,22.95
4233,13.12,113.56
4234,11.88,18.76
4235,22.07,39.20
4236,34.40,94.78
4237,30.51,70.90
4238,15.98,35.11
4239,30.74,65.60
4240,32.54,106.65
4241,14.97,32.68
4242,1.88,-15.62
4243,18.08,11.92
4244,9.08,25.62
4245,24.36,50.93
4246,23.48,46.07
4247,18.72,32.38
4248,28.37,38.03
4249,25.37,29.40
4250,32.14,73.86
4251,21.53,39.90
4252,16.28,32.27
4253,34.49,81.46
4254,35.62,107.81
4255,28.69,67.11
4256,28.95,71.09
4257,17.73,41.35
4258,27.96,64.93
4259,26.10,52.42
4260,26.16,62.76
4261,33.79,97.89
4262,20.19,16.33
4263,11.99,15.50
4264,10.94,0.78
4265,31.92,80.30
4266,14.44,31.86
4267,21.23,35.95
4268,15.61,41.32
4269,18.71,25.62
4270,29.20,50.49
4271,19.81,47.00
4272,16.21,28.76
4273,14.16,41.32
4274,13.35,34.66
4275,33.95,92.89
4276,20.83,38.88
4277,29.06,46.03
4278,14.00,33.33
4279,12.39,31.45
4280,28.30,74.95
4281,10.06,24.30
4282,31.63,85.47
4283,11.74,7.90
4284,25.43,38.84
4285,14.19,35.10
4286,14.47,48.43
4287,11.43,12.06
4288,31.40,67.29
4289,14.65,20.67
4290,18.54,55.93
4291,14.80,27.15
4292,24.55,47.34
4293,14.56,60.48
4294,24.09,39.49
4295,20.69,19.33
4296,15.76,27.48
4297,30.98,67.62
4298,26.78,54.50
4299,29.76,87.44
4300,15.70,27.84
4301,13.42,8.39
4302,26.28,39.14
4303,20.81,32.77
4304,22.63,57.72
4305,14.25,41.10
4306,20.52,41.41
4307,17.65,37.28
4308,20.05,32.62
4309,18.17,29.17
4310,20.56,59.43
4311,21.52,41.02
4312,23.38,56.87
4313,26.43,43.76
4314,20.78,53.60
4315,31.11,66.74
4316,14.87,20.45
4317,29.66,55.36
4318,36.09,73.10
4319,21.30,58.16
4320,27.12,70.67
